/* 本文件由 tools/gen_font.py 自动生成，请勿手工编辑。
 * 字符集 = 源码字符串字面量中的中文 + tools/charset.txt 手工补充。
 * 新增中文文案后重跑: python3 tools/gen_font.py
 * 共 549 字，16x16 点阵，每字 32 字节。 */

#include "font_cn16.h"

const int FONT_CN16_COUNT = 549;

/* 按 Unicode 码点升序，固件侧二分查找 */
const font_cn16_glyph_t FONT_CN16[] = {
    { 0x3001, { 0x00, 0x00, 0x00, 0x00, 0x00, 0x00, 0x00, 0x00, 0x02, 0x00, 0x03, 0x00, 0x00, 0x80, 0x00, 0x40, 0x00, 0x00, 0x00, 0x00, 0x00, 0x00, 0x00, 0x00, 0x00, 0x00, 0x00, 0x00, 0x00, 0x00, 0x00, 0x00 } },  /* 、 */
    { 0x3002, { 0x00, 0x00, 0x00, 0x00, 0x00, 0x00, 0x00, 0x00, 0x03, 0xC0, 0x02, 0x40, 0x02, 0x40, 0x01, 0x80, 0x00, 0x00, 0x00, 0x00, 0x00, 0x00, 0x00, 0x00, 0x00, 0x00, 0x00, 0x00, 0x00, 0x00, 0x00, 0x00 } },  /* 。 */
    { 0x4E00, { 0x00, 0x00, 0x00, 0x00, 0x00, 0x00, 0x00, 0x00, 0x7F, 0xFE, 0x7F, 0xFE, 0x00, 0x00, 0x00, 0x00, 0x00, 0x00, 0x00, 0x00, 0x00, 0x00, 0x00, 0x00, 0x00, 0x00, 0x00, 0x00, 0x00, 0x00, 0x00, 0x00 } },  /* 一 */
    { 0x4E09, { 0x00, 0x00, 0x00, 0x00, 0x3F, 0xFC, 0x00, 0x00, 0x00, 0x00, 0x00, 0x00, 0x00, 0x00, 0x1F, 0xF0, 0x00, 0x00, 0x00, 0x00, 0x00, 0x00, 0x00, 0x00, 0x7F, 0xFE, 0x00, 0x00, 0x00, 0x00, 0x00, 0x00 } },  /* 三 */
    { 0x4E0A, { 0x00, 0x00, 0x01, 0x00, 0x01, 0x00, 0x01, 0x00, 0x01, 0x00, 0x01, 0x00, 0x01, 0xFC, 0x01, 0x00, 0x01, 0x00, 0x01, 0x00, 0x01, 0x00, 0x01, 0x00, 0x01, 0x00, 0x7F, 0xFE, 0x60, 0x06, 0x00, 0x00 } },  /* 上 */
    { 0x4E0B, { 0x00, 0x00, 0x60, 0x06, 0x7F, 0xFE, 0x01, 0x00, 0x01, 0x00, 0x01, 0x40, 0x01, 0x70, 0x01, 0x18, 0x01, 0x0C, 0x01, 0x08, 0x01, 0x00, 0x01, 0x00, 0x01, 0x00, 0x01, 0x00, 0x01, 0x00, 0x00, 0x00 } },  /* 下 */
    { 0x4E0D, { 0x00, 0x00, 0x3F, 0xFE, 0x00, 0x40, 0x00, 0x80, 0x00, 0x80, 0x01, 0x80, 0x03, 0xB0, 0x06, 0x98, 0x0C, 0x8C, 0x38, 0x86, 0x30, 0x84, 0x00, 0x80, 0x00, 0x80, 0x00, 0x80, 0x00, 0x80, 0x00, 0x00 } },  /* 不 */
    { 0x4E0E, { 0x18, 0x00, 0x08, 0x00, 0x0F, 0xFC, 0x08, 0x00, 0x08, 0x00, 0x08, 0x00, 0x1F, 0xFC, 0x00, 0x0C, 0x00, 0x0C, 0x00, 0x0C, 0x3F, 0xEC, 0x00, 0x08, 0x00, 0x18, 0x00, 0x78, 0x00, 0x70, 0x00, 0x00 } },  /* 与 */
    { 0x4E1C, { 0x01, 0x80, 0x03, 0x00, 0x7F, 0xFE, 0x06, 0x00, 0x04, 0x00, 0x0C, 0x80, 0x18, 0x80, 0x1F, 0xF8, 0x20, 0x80, 0x00, 0x80, 0x08, 0x98, 0x1C, 0x8C, 0x30, 0x86, 0x63, 0x84, 0x01, 0x80, 0x00, 0x00 } },  /* 东 */
    { 0x4E22, { 0x00, 0x30, 0x3F, 0xF8, 0x3D, 0x00, 0x01, 0x00, 0x01, 0x00, 0x3F, 0xF8, 0x01, 0x00, 0x01, 0x00, 0x7F, 0xFC, 0x03, 0x00, 0x06, 0x40, 0x0C, 0x20, 0x18, 0x10, 0x3F, 0xF8, 0x10, 0x0C, 0x00, 0x00 } },  /* 丢 */
    { 0x4E2A, { 0x01, 0x80, 0x01, 0x00, 0x02, 0x80, 0x06, 0xC0, 0x0C, 0x60, 0x19, 0x38, 0x71, 0x0E, 0xE1, 0x04, 0x01, 0x00, 0x01, 0x00, 0x01, 0x00, 0x01, 0x00, 0x01, 0x00, 0x01, 0x00, 0x01, 0x00, 0x00, 0x00 } },  /* 个 */
    { 0x4E2D, { 0x01, 0x00, 0x01, 0x00, 0x01, 0x00, 0x3F, 0xFC, 0x21, 0x04, 0x21, 0x04, 0x21, 0x04, 0x21, 0x04, 0x3F, 0xFC, 0x21, 0x04, 0x01, 0x00, 0x01, 0x00, 0x01, 0x00, 0x01, 0x00, 0x01, 0x00, 0x00, 0x00 } },  /* 中 */
    { 0x4E3A, { 0x00, 0x60, 0x0C, 0x40, 0x06, 0xC0, 0x04, 0xC0, 0x3F, 0xFE, 0x00, 0x86, 0x00, 0x86, 0x01, 0x86, 0x01, 0x46, 0x03, 0x64, 0x06, 0x24, 0x04, 0x0C, 0x08, 0x0C, 0x30, 0x3C, 0x00, 0x38, 0x00, 0x00 } },  /* 为 */
    { 0x4E3B, { 0x00, 0x00, 0x01, 0x80, 0x01, 0x80, 0x01, 0x00, 0x3F, 0xF8, 0x01, 0x00, 0x01, 0x00, 0x01, 0x00, 0x1F, 0xF0, 0x01, 0x00, 0x01, 0x00, 0x01, 0x00, 0x01, 0x00, 0x7F, 0xFC, 0x60, 0x0C, 0x00, 0x00 } },  /* 主 */
    { 0x4E45, { 0x00, 0x00, 0x07, 0x00, 0x06, 0x00, 0x04, 0x00, 0x0F, 0xE0, 0x08, 0x60, 0x18, 0x40, 0x30, 0xC0, 0x61, 0xC0, 0x01, 0x40, 0x03, 0x20, 0x06, 0x30, 0x1C, 0x1C, 0x70, 0x0E, 0x20, 0x04, 0x00, 0x00 } },  /* 久 */
    { 0x4E8B, { 0x01, 0x00, 0x01, 0x00, 0x7F, 0xFC, 0x1F, 0xF8, 0x11, 0x08, 0x11, 0x08, 0x1F, 0xF8, 0x3F, 0xFC, 0x01, 0x04, 0x01, 0x04, 0x7F, 0xFF, 0x3F, 0xFC, 0x01, 0x04, 0x01, 0x00, 0x06, 0x00, 0x00, 0x00 } },  /* 事 */
    { 0x4E8C, { 0x00, 0x00, 0x00, 0x00, 0x1F, 0xF8, 0x00, 0x00, 0x00, 0x00, 0x00, 0x00, 0x00, 0x00, 0x00, 0x00, 0x00, 0x00, 0x00, 0x00, 0x00, 0x00, 0x7F, 0xFE, 0x60, 0x06, 0x00, 0x00, 0x00, 0x00, 0x00, 0x00 } },  /* 二 */
    { 0x4E8E, { 0x00, 0x00, 0x3F, 0xF8, 0x01, 0x80, 0x01, 0x80, 0x01, 0x80, 0x01, 0x80, 0x01, 0x80, 0x7F, 0xFE, 0x01, 0x80, 0x01, 0x80, 0x01, 0x80, 0x01, 0x80, 0x01, 0x80, 0x07, 0x80, 0x07, 0x00, 0x00, 0x00 } },  /* 于 */
    { 0x4E91, { 0x00, 0x00, 0x10, 0x08, 0x1F, 0xF8, 0x00, 0x00, 0x00, 0x00, 0x00, 0x00, 0x7F, 0xFE, 0x03, 0x80, 0x03, 0x00, 0x06, 0x20, 0x04, 0x70, 0x08, 0x18, 0x3F, 0xFC, 0x00, 0x08, 0x00, 0x00, 0x00, 0x00 } },  /* 云 */
    { 0x4E94, { 0x00, 0x00, 0x20, 0x04, 0x3F, 0xFC, 0x01, 0x00, 0x01, 0x00, 0x03, 0x00, 0x1F, 0xF0, 0x02, 0x10, 0x02, 0x10, 0x02, 0x10, 0x06, 0x10, 0x06, 0x10, 0x7F, 0xFE, 0x40, 0x02, 0x00, 0x00, 0x00, 0x00 } },  /* 五 */
    { 0x4EA4, { 0x01, 0x80, 0x01, 0x80, 0x00, 0x00, 0x3F, 0xFE, 0x04, 0x20, 0x0E, 0x38, 0x18, 0x0C, 0x34, 0x26, 0x66, 0x30, 0x02, 0x60, 0x03, 0xC0, 0x01, 0x80, 0x07, 0xE0, 0x7C, 0x3E, 0x30, 0x0C, 0x00, 0x00 } },  /* 交 */
    { 0x4EBA, { 0x00, 0x00, 0x02, 0x00, 0x01, 0x80, 0x01, 0x80, 0x01, 0x80, 0x01, 0x80, 0x01, 0x80, 0x03, 0x80, 0x02, 0x80, 0x06, 0x40, 0x06, 0x60, 0x0C, 0x30, 0x18, 0x18, 0x70, 0x0E, 0x20, 0x04, 0x00, 0x00 } },  /* 人 */
    { 0x4EC5, { 0x08, 0x00, 0x0C, 0x00, 0x13, 0xFC, 0x11, 0x0C, 0x31, 0x08, 0x31, 0x88, 0x71, 0x98, 0x50, 0x98, 0x10, 0x90, 0x10, 0xF0, 0x10, 0x60, 0x10, 0xF0, 0x11, 0x9C, 0x17, 0x0E, 0x16, 0x04, 0x00, 0x00 } },  /* 仅 */
    { 0x4ECD, { 0x08, 0x00, 0x0C, 0x04, 0x13, 0xF8, 0x10, 0x88, 0x10, 0x88, 0x30, 0x98, 0x70, 0x9E, 0x50, 0x84, 0x51, 0x84, 0x11, 0x04, 0x11, 0x04, 0x13, 0x0C, 0x12, 0x0C, 0x16, 0x38, 0x1C, 0x38, 0x00, 0x00 } },  /* 仍 */
    { 0x4ECE, { 0x08, 0x30, 0x08, 0x20, 0x08, 0x20, 0x08, 0x20, 0x08, 0x20, 0x08, 0x20, 0x08, 0x20, 0x0C, 0x20, 0x16, 0x30, 0x13, 0x50, 0x12, 0xD0, 0x30, 0x88, 0x61, 0x8E, 0xC7, 0x06, 0x0E, 0x04, 0x00, 0x00 } },  /* 从 */
    { 0x4EE4, { 0x01, 0x80, 0x03, 0x80, 0x02, 0xC0, 0x04, 0x60, 0x09, 0x38, 0x31, 0x1E, 0x61, 0x86, 0x00, 0x00, 0x3F, 0xFC, 0x00, 0x38, 0x00, 0x60, 0x06, 0xC0, 0x03, 0x80, 0x00, 0xC0, 0x00, 0x60, 0x00, 0x00 } },  /* 令 */
    { 0x4EF6, { 0x08, 0x20, 0x19, 0xA0, 0x11, 0x20, 0x13, 0x20, 0x33, 0xFC, 0x72, 0x20, 0x56, 0x20, 0xD0, 0x20, 0x13, 0xFE, 0x10, 0x20, 0x10, 0x20, 0x10, 0x20, 0x10, 0x20, 0x10, 0x20, 0x10, 0x20, 0x00, 0x00 } },  /* 件 */
    { 0x4EFB, { 0x0C, 0x00, 0x08, 0x3C, 0x1B, 0xE0, 0x10, 0x20, 0x10, 0x20, 0x30, 0x20, 0x70, 0x20, 0x57, 0xFE, 0x50, 0x20, 0x10, 0x20, 0x10, 0x20, 0x10, 0x20, 0x10, 0x20, 0x13, 0xFE, 0x10, 0x00, 0x00, 0x00 } },  /* 任 */
    { 0x4EFD, { 0x08, 0x00, 0x0D, 0x70, 0x11, 0x90, 0x11, 0x08, 0x13, 0x08, 0x32, 0x06, 0x77, 0xFF, 0x54, 0x8A, 0x10, 0x88, 0x10, 0x98, 0x11, 0x98, 0x11, 0x18, 0x11, 0x18, 0x12, 0x70, 0x16, 0x20, 0x00, 0x00 } },  /* 份 */
    { 0x4F17, { 0x01, 0x80, 0x01, 0x00, 0x03, 0xC0, 0x06, 0x60, 0x0C, 0x18, 0x38, 0x0C, 0x7C, 0x36, 0x0C, 0x20, 0x0C, 0x20, 0x08, 0x20, 0x0E, 0x70, 0x1B, 0x58, 0x30, 0xCC, 0x61, 0x86, 0x43, 0x04, 0x00, 0x00 } },  /* 众 */
    { 0x4F1A, { 0x01, 0x80, 0x03, 0x80, 0x06, 0xC0, 0x0C, 0x60, 0x38, 0x38, 0x6F, 0xEE, 0x40, 0x04, 0x00, 0x00, 0x3F, 0xFC, 0x03, 0x00, 0x02, 0x00, 0x06, 0x60, 0x0C, 0x30, 0x3F, 0xF8, 0x10, 0x0C, 0x00, 0x00 } },  /* 会 */
    { 0x4F20, { 0x08, 0x60, 0x18, 0x60, 0x10, 0x40, 0x13, 0xFC, 0x30, 0x40, 0x70, 0xC0, 0x57, 0xFE, 0xD0, 0x80, 0x11, 0xFC, 0x10, 0x0C, 0x10, 0x98, 0x10, 0xF0, 0x10, 0x70, 0x10, 0x18, 0x10, 0x08, 0x00, 0x00 } },  /* 传 */
    { 0x4F34, { 0x10, 0x60, 0x0C, 0x24, 0x13, 0x26, 0x11, 0x2C, 0x31, 0xA8, 0x30, 0x20, 0x73, 0xFE, 0x50, 0x20, 0x10, 0x20, 0x10, 0x20, 0x13, 0xFE, 0x10, 0x20, 0x10, 0x20, 0x10, 0x20, 0x00, 0x20, 0x00, 0x00 } },  /* 伴 */
    { 0x4F46, { 0x08, 0x00, 0x19, 0xFC, 0x11, 0x04, 0x11, 0x04, 0x31, 0x04, 0x31, 0xFC, 0x71, 0x04, 0x51, 0x04, 0x11, 0x04, 0x11, 0xFC, 0x10, 0x00, 0x10, 0x00, 0x10, 0x00, 0x17, 0xFE, 0x10, 0x00, 0x00, 0x00 } },  /* 但 */
    { 0x4F4D, { 0x10, 0x60, 0x0C, 0x60, 0x18, 0x40, 0x13, 0xFE, 0x10, 0x00, 0x30, 0x00, 0x71, 0x0C, 0x51, 0x88, 0x11, 0x98, 0x10, 0x98, 0x10, 0x90, 0x10, 0x10, 0x10, 0x30, 0x17, 0xFE, 0x10, 0x00, 0x00, 0x00 } },  /* 位 */
    { 0x4F4E, { 0x08, 0x00, 0x1C, 0x78, 0x13, 0xE4, 0x12, 0x20, 0x32, 0x20, 0x32, 0x20, 0x73, 0xFC, 0x52, 0x20, 0x12, 0x20, 0x12, 0xA0, 0x13, 0x10, 0x16, 0x14, 0x14, 0x0E, 0x17, 0xFC, 0x10, 0x00, 0x00, 0x00 } },  /* 低 */
    { 0x4F4F, { 0x08, 0x40, 0x1C, 0x60, 0x10, 0x40, 0x17, 0xFC, 0x30, 0x40, 0x70, 0x40, 0x50, 0x40, 0x13, 0xF8, 0x10, 0x40, 0x10, 0x40, 0x10, 0x40, 0x10, 0x40, 0x10, 0x40, 0x17, 0xFC, 0x10, 0x00, 0x00, 0x00 } },  /* 住 */
    { 0x4F53, { 0x20, 0xC0, 0x30, 0x40, 0x20, 0x40, 0x2F, 0xFE, 0x21, 0x60, 0x61, 0x60, 0xE1, 0x50, 0xA3, 0x50, 0x22, 0x58, 0x26, 0x8C, 0x2C, 0x8E, 0x2F, 0xF6, 0x28, 0x40, 0x20, 0x40, 0x20, 0x40, 0x00, 0x00 } },  /* 体 */
    { 0x4F59, { 0x00, 0x80, 0x01, 0x80, 0x02, 0x40, 0x04, 0x30, 0x08, 0x18, 0x37, 0xFE, 0x60, 0x84, 0x00, 0x80, 0x1F, 0xFC, 0x00, 0x80, 0x08, 0xA0, 0x0C, 0xB8, 0x18, 0x8C, 0x63, 0x84, 0x01, 0x80, 0x00, 0x00 } },  /* 余 */
    { 0x4F5C, { 0x10, 0x80, 0x08, 0xC0, 0x11, 0x80, 0x11, 0xFE, 0x13, 0x40, 0x32, 0x40, 0x76, 0x40, 0x50, 0x7C, 0x10, 0x40, 0x10, 0x40, 0x10, 0x40, 0x10, 0x7E, 0x10, 0x40, 0x10, 0x40, 0x10, 0x40, 0x00, 0x00 } },  /* 作 */
    { 0x4F60, { 0x08, 0x80, 0x0C, 0xC0, 0x10, 0x80, 0x11, 0xFE, 0x31, 0x06, 0x32, 0x44, 0x56, 0x20, 0x50, 0x20, 0x11, 0x2C, 0x11, 0x24, 0x13, 0x26, 0x12, 0x26, 0x16, 0x24, 0x10, 0xE0, 0x00, 0xE0, 0x00, 0x00 } },  /* 你 */
    { 0x4F7F, { 0x10, 0x60, 0x18, 0x20, 0x13, 0xFE, 0x10, 0x20, 0x30, 0x20, 0x33, 0xFC, 0x72, 0x24, 0x52, 0x24, 0x13, 0xFC, 0x10, 0x20, 0x13, 0x20, 0x10, 0xC0, 0x10, 0xF0, 0x13, 0x9F, 0x16, 0x00, 0x00, 0x00 } },  /* 使 */
    { 0x4F8B, { 0x18, 0x02, 0x1B, 0xE2, 0x11, 0x02, 0x11, 0x12, 0x33, 0x12, 0x33, 0xD2, 0x72, 0xD2, 0x54, 0xD2, 0x15, 0xD2, 0x1A, 0xD2, 0x10, 0x92, 0x11, 0x82, 0x13, 0x02, 0x16, 0x1E, 0x10, 0x0E, 0x00, 0x00 } },  /* 例 */
    { 0x4F9D, { 0x10, 0x40, 0x18, 0xE0, 0x10, 0x00, 0x17, 0xFE, 0x30, 0xA0, 0x30, 0xA0, 0x71, 0xA6, 0x51, 0xBC, 0x13, 0x98, 0x16, 0x90, 0x1C, 0x98, 0x10, 0x8C, 0x10, 0xE6, 0x11, 0xC3, 0x11, 0x00, 0x00, 0x00 } },  /* 依 */
    { 0x4FDD, { 0x08, 0x00, 0x1B, 0xF8, 0x12, 0x08, 0x12, 0x08, 0x12, 0x08, 0x33, 0xF8, 0x70, 0x40, 0x50, 0x40, 0x57, 0xFC, 0x10, 0xE0, 0x11, 0x50, 0x13, 0x58, 0x16, 0x4E, 0x1C, 0x44, 0x10, 0x40, 0x00, 0x00 } },  /* 保 */
    { 0x4FE1, { 0x10, 0x60, 0x18, 0x60, 0x17, 0xFE, 0x10, 0x00, 0x30, 0x00, 0x33, 0xFC, 0x70, 0x00, 0x53, 0xFC, 0x10, 0x00, 0x13, 0xFC, 0x12, 0x04, 0x12, 0x04, 0x13, 0xFC, 0x12, 0x04, 0x12, 0x00, 0x00, 0x00 } },  /* 信 */
    { 0x5012, { 0x08, 0x02, 0x18, 0x02, 0x17, 0xE2, 0x11, 0x12, 0x32, 0xD2, 0x34, 0xD2, 0x77, 0xD2, 0x51, 0x12, 0x11, 0x12, 0x17, 0xD2, 0x11, 0x12, 0x11, 0x42, 0x17, 0x82, 0x14, 0x1E, 0x10, 0x0C, 0x00, 0x00 } },  /* 倒 */
    { 0x503C, { 0x08, 0x20, 0x18, 0x20, 0x13, 0xFF, 0x10, 0x60, 0x31, 0xFC, 0x71, 0x04, 0x51, 0xFC, 0x11, 0x04, 0x11, 0x04, 0x11, 0xFC, 0x11, 0x04, 0x11, 0xFC, 0x11, 0x04, 0x17, 0xFF, 0x10, 0x00, 0x00, 0x00 } },  /* 值 */
    { 0x505C, { 0x10, 0x40, 0x18, 0x60, 0x17, 0xFE, 0x10, 0x00, 0x31, 0xF8, 0x31, 0x08, 0x51, 0xF8, 0x50, 0x00, 0x17, 0xFE, 0x14, 0x02, 0x11, 0xFC, 0x10, 0x20, 0x10, 0x20, 0x11, 0x20, 0x10, 0xE0, 0x00, 0x00 } },  /* 停 */
    { 0x50A8, { 0x00, 0x30, 0x1A, 0x24, 0x16, 0xFE, 0x12, 0x24, 0x10, 0x28, 0x3F, 0xFE, 0x74, 0x30, 0x54, 0x20, 0x14, 0xFC, 0x14, 0xC4, 0x17, 0x7C, 0x16, 0x44, 0x16, 0x44, 0x1C, 0x7C, 0x10, 0x44, 0x00, 0x00 } },  /* 储 */
    { 0x50CF, { 0x10, 0xC0, 0x09, 0xF8, 0x12, 0x10, 0x17, 0xFE, 0x1A, 0x24, 0x32, 0x24, 0x53, 0xFE, 0x10, 0xC8, 0x17, 0x6C, 0x14, 0xF8, 0x13, 0x38, 0x16, 0x54, 0x11, 0x96, 0x17, 0x30, 0x10, 0xE0, 0x00, 0x00 } },  /* 像 */
    { 0x5143, { 0x00, 0x00, 0x1F, 0xF8, 0x00, 0x00, 0x00, 0x00, 0x00, 0x00, 0x7F, 0xFC, 0x04, 0x40, 0x04, 0x40, 0x04, 0x40, 0x04, 0x40, 0x0C, 0x40, 0x08, 0x42, 0x18, 0x46, 0x70, 0x7C, 0x20, 0x00, 0x00, 0x00 } },  /* 元 */
    { 0x5145, { 0x00, 0x00, 0x03, 0x00, 0x01, 0x80, 0x7F, 0xFE, 0x06, 0x00, 0x04, 0x20, 0x08, 0x70, 0x3F, 0xF8, 0x1C, 0x4C, 0x04, 0x40, 0x04, 0x40, 0x04, 0x44, 0x08, 0x46, 0x18, 0x46, 0x60, 0x7C, 0x00, 0x00 } },  /* 充 */
    { 0x5148, { 0x00, 0x80, 0x0C, 0x80, 0x08, 0x80, 0x1F, 0xF8, 0x10, 0x80, 0x30, 0x80, 0x3F, 0xFE, 0x02, 0x40, 0x02, 0x40, 0x02, 0x40, 0x06, 0x40, 0x04, 0x44, 0x0C, 0x46, 0x38, 0x7C, 0x10, 0x00, 0x00, 0x00 } },  /* 先 */
    { 0x5149, { 0x01, 0x00, 0x01, 0x20, 0x19, 0x30, 0x09, 0x20, 0x0D, 0x60, 0x01, 0x00, 0x3F, 0xFC, 0x02, 0x80, 0x02, 0x80, 0x02, 0x80, 0x02, 0x88, 0x04, 0x84, 0x08, 0x8C, 0x30, 0xF8, 0x00, 0x00, 0x00, 0x00 } },  /* 光 */
    { 0x5165, { 0x00, 0x00, 0x10, 0x80, 0x1F, 0x80, 0x01, 0x80, 0x01, 0xC0, 0x01, 0x40, 0x01, 0x40, 0x02, 0x60, 0x06, 0x20, 0x04, 0x30, 0x0C, 0x18, 0x18, 0x1C, 0x70, 0x0E, 0x20, 0x04, 0x00, 0x00, 0x00, 0x00 } },  /* 入 */
    { 0x5168, { 0x00, 0x00, 0x1F, 0xC0, 0x01, 0x40, 0x01, 0x60, 0x02, 0x30, 0x04, 0x3C, 0x18, 0x1E, 0x3F, 0xF6, 0x60, 0x80, 0x00, 0x80, 0x0F, 0xF8, 0x00, 0x80, 0x00, 0x80, 0x00, 0x80, 0x3F, 0xFC, 0x00, 0x00 } },  /* 全 */
    { 0x516C, { 0x00, 0x00, 0x03, 0xE0, 0x0C, 0x20, 0x08, 0x30, 0x18, 0x10, 0x11, 0x08, 0x33, 0x8E, 0x63, 0x06, 0x46, 0x00, 0x04, 0x60, 0x0C, 0x30, 0x08, 0x18, 0x3F, 0xF8, 0x00, 0x0C, 0x00, 0x00, 0x00, 0x00 } },  /* 公 */
    { 0x516D, { 0x00, 0x00, 0x01, 0x00, 0x01, 0x80, 0x01, 0x80, 0x00, 0x00, 0x7F, 0xFE, 0x00, 0x00, 0x00, 0x20, 0x06, 0x60, 0x04, 0x30, 0x0C, 0x18, 0x08, 0x18, 0x18, 0x0C, 0x30, 0x0C, 0x60, 0x06, 0x00, 0x00 } },  /* 六 */
    { 0x5171, { 0x04, 0x20, 0x04, 0x20, 0x04, 0x20, 0x3F, 0xFC, 0x04, 0x20, 0x04, 0x20, 0x04, 0x20, 0x04, 0x20, 0x7F, 0xFE, 0x00, 0x00, 0x00, 0x40, 0x06, 0x70, 0x0D, 0x18, 0x38, 0x0E, 0x60, 0x04, 0x00, 0x00 } },  /* 共 */
    { 0x5173, { 0x04, 0x60, 0x0C, 0x60, 0x06, 0xC0, 0x3F, 0xF8, 0x01, 0x00, 0x01, 0x00, 0x01, 0x00, 0x01, 0x00, 0x7F, 0xFC, 0x01, 0x00, 0x02, 0x80, 0x06, 0xC0, 0x0C, 0x70, 0x78, 0x1C, 0x20, 0x08, 0x00, 0x00 } },  /* 关 */
    { 0x5176, { 0x04, 0x20, 0x04, 0x20, 0x3F, 0xFC, 0x04, 0x20, 0x04, 0x20, 0x07, 0xE0, 0x04, 0x20, 0x07, 0xE0, 0x04, 0x20, 0x04, 0x20, 0x3F, 0xFC, 0x00, 0x00, 0x06, 0x30, 0x18, 0x5C, 0x30, 0x04, 0x00, 0x00 } },  /* 其 */
    { 0x5177, { 0x00, 0x00, 0x0F, 0xF0, 0x08, 0x10, 0x0F, 0xF0, 0x08, 0x10, 0x08, 0x10, 0x0F, 0xF0, 0x08, 0x10, 0x0F, 0xF0, 0x08, 0x10, 0x7F, 0xFE, 0x04, 0x40, 0x0E, 0x70, 0x18, 0x1C, 0x60, 0x08, 0x00, 0x00 } },  /* 具 */
    { 0x5185, { 0x01, 0x80, 0x01, 0x00, 0x01, 0x00, 0x3F, 0xF8, 0x21, 0x08, 0x21, 0x08, 0x23, 0x08, 0x23, 0x88, 0x22, 0xC8, 0x24, 0x68, 0x2C, 0x58, 0x20, 0x08, 0x20, 0x08, 0x20, 0x38, 0x00, 0x30, 0x00, 0x00 } },  /* 内 */
    { 0x518C, { 0x00, 0x00, 0x1E, 0x78, 0x12, 0x48, 0x12, 0x48, 0x12, 0x48, 0x12, 0x48, 0x12, 0x48, 0x7F, 0xFE, 0x12, 0x48, 0x12, 0x48, 0x12, 0x48, 0x12, 0x48, 0x12, 0x48, 0x1E, 0x78, 0x10, 0x40, 0x00, 0x00 } },  /* 册 */
    { 0x518D, { 0x00, 0x00, 0x7F, 0xFC, 0x01, 0x00, 0x01, 0x00, 0x1F, 0xF8, 0x11, 0x08, 0x11, 0x08, 0x1F, 0xF8, 0x11, 0x08, 0x11, 0x08, 0x7F, 0xFF, 0x10, 0x08, 0x10, 0x08, 0x10, 0x38, 0x00, 0x18, 0x00, 0x00 } },  /* 再 */
    { 0x5199, { 0x00, 0x00, 0x7F, 0xF8, 0x40, 0x08, 0x48, 0x08, 0x0E, 0x00, 0x09, 0xF0, 0x08, 0x00, 0x1E, 0x00, 0x1F, 0xF8, 0x00, 0x18, 0x00, 0xFC, 0x7F, 0x10, 0x00, 0x30, 0x00, 0xF0, 0x00, 0xE0, 0x00, 0x00 } },  /* 写 */
    { 0x51B0, { 0x00, 0xE0, 0x00, 0x40, 0x60, 0x40, 0x30, 0x44, 0x1F, 0x4E, 0x0F, 0x78, 0x21, 0x70, 0x11, 0x60, 0x33, 0x50, 0x22, 0x58, 0x62, 0x4C, 0x64, 0x4E, 0x4C, 0x44, 0x11, 0xC0, 0x01, 0xC0, 0x00, 0x00 } },  /* 冰 */
    { 0x51B2, { 0x00, 0x60, 0x20, 0x20, 0x30, 0x20, 0x13, 0xFC, 0x1A, 0x24, 0x02, 0x24, 0x12, 0x24, 0x1A, 0x24, 0x13, 0xFC, 0x12, 0x24, 0x30, 0x20, 0x20, 0x20, 0x60, 0x20, 0x00, 0x20, 0x00, 0x20, 0x00, 0x00 } },  /* 冲 */
    { 0x51B7, { 0x00, 0x40, 0x20, 0xE0, 0x70, 0xA0, 0x31, 0x90, 0x1B, 0x58, 0x06, 0x4E, 0x0C, 0x62, 0x20, 0x00, 0x37, 0xFC, 0x20, 0x18, 0x61, 0x30, 0x61, 0xE0, 0x40, 0xC0, 0x00, 0x60, 0x00, 0x30, 0x00, 0x00 } },  /* 冷 */
    { 0x51BB, { 0x00, 0x60, 0x20, 0x40, 0x37, 0xFE, 0x10, 0x80, 0x19, 0x80, 0x01, 0x20, 0x03, 0x20, 0x13, 0xFC, 0x18, 0x20, 0x30, 0x28, 0x23, 0x2C, 0x62, 0x24, 0x64, 0x26, 0x0C, 0xE0, 0x00, 0xE0, 0x00, 0x00 } },  /* 冻 */
    { 0x51C0, { 0x01, 0x80, 0x41, 0x00, 0x23, 0xF8, 0x32, 0x30, 0x24, 0x20, 0x0F, 0xFC, 0x00, 0x44, 0x27, 0xFF, 0x30, 0x44, 0x30, 0x44, 0x27, 0xFC, 0x60, 0x44, 0x60, 0x40, 0x40, 0x40, 0x01, 0xC0, 0x00, 0x00 } },  /* 净 */
    { 0x51C6, { 0x01, 0x20, 0x21, 0xA0, 0x63, 0x30, 0x33, 0xFC, 0x16, 0x20, 0x06, 0x20, 0x0F, 0xFC, 0x2A, 0x20, 0x12, 0x20, 0x33, 0xFC, 0x22, 0x20, 0x62, 0x20, 0x23, 0xFE, 0x02, 0x00, 0x02, 0x00, 0x00, 0x00 } },  /* 准 */
    { 0x51C7, { 0x02, 0x00, 0x02, 0x58, 0x62, 0x68, 0x32, 0x48, 0x2F, 0xC4, 0x02, 0x84, 0x26, 0x86, 0x17, 0xB0, 0x2A, 0xA0, 0x2A, 0x28, 0x3A, 0x28, 0x62, 0x48, 0x42, 0x7C, 0x42, 0xE4, 0x02, 0x00, 0x00, 0x00 } },  /* 凇 */
    { 0x51CC, { 0x00, 0x40, 0x20, 0x40, 0x63, 0xFC, 0x30, 0x40, 0x27, 0xFE, 0x01, 0x10, 0x26, 0x1E, 0x3C, 0xC0, 0x21, 0xF8, 0x21, 0x98, 0x26, 0x90, 0x64, 0xF0, 0x60, 0x70, 0x43, 0xDE, 0x0E, 0x06, 0x00, 0x00 } },  /* 凌 */
    { 0x51ED, { 0x08, 0x00, 0x1F, 0xF8, 0x10, 0x40, 0x30, 0x40, 0x77, 0xFC, 0x10, 0x40, 0x10, 0x40, 0x13, 0xF8, 0x00, 0x00, 0x07, 0xE0, 0x04, 0x20, 0x04, 0x20, 0x0C, 0x26, 0x38, 0x3C, 0x30, 0x00, 0x00, 0x00 } },  /* 凭 */
    { 0x51FA, { 0x01, 0x00, 0x01, 0x10, 0x31, 0x08, 0x11, 0x08, 0x11, 0x08, 0x11, 0x08, 0x1F, 0xF8, 0x01, 0x00, 0x21, 0x00, 0x21, 0x08, 0x21, 0x08, 0x21, 0x08, 0x3F, 0xF8, 0x20, 0x08, 0x20, 0x00, 0x00, 0x00 } },  /* 出 */
    { 0x51FD, { 0x00, 0x00, 0x1F, 0xFC, 0x00, 0x30, 0x00, 0xE0, 0x08, 0x90, 0x2C, 0xB8, 0x26, 0xE4, 0x20, 0x84, 0x26, 0xE4, 0x3C, 0xB4, 0x30, 0x84, 0x23, 0x84, 0x20, 0x04, 0x3F, 0xFC, 0x00, 0x04, 0x00, 0x00 } },  /* 函 */
    { 0x5206, { 0x00, 0x00, 0x01, 0xE0, 0x0C, 0x20, 0x08, 0x30, 0x08, 0x18, 0x10, 0x0C, 0x30, 0x0E, 0x6F, 0xF4, 0x42, 0x10, 0x02, 0x30, 0x06, 0x30, 0x04, 0x30, 0x0C, 0x30, 0x38, 0xE0, 0x10, 0x60, 0x00, 0x00 } },  /* 分 */
    { 0x5217, { 0x00, 0x04, 0x3F, 0x84, 0x0C, 0x24, 0x08, 0x24, 0x0E, 0x24, 0x1F, 0xA4, 0x19, 0xA4, 0x31, 0x24, 0x2D, 0x24, 0x67, 0x24, 0x02, 0x24, 0x06, 0x04, 0x0C, 0x04, 0x38, 0x1C, 0x20, 0x18, 0x00, 0x00 } },  /* 列 */
    { 0x521A, { 0x00, 0x04, 0x3F, 0xC4, 0x20, 0xB4, 0x20, 0x94, 0x2B, 0x94, 0x3A, 0x94, 0x26, 0x94, 0x24, 0x94, 0x26, 0x94, 0x2A, 0x94, 0x39, 0x94, 0x20, 0x84, 0x20, 0x84, 0x23, 0x84, 0x00, 0x0C, 0x00, 0x00 } },  /* 刚 */
    { 0x521B, { 0x04, 0x04, 0x06, 0x04, 0x0F, 0x24, 0x19, 0xA4, 0x30, 0xE4, 0x60, 0x24, 0x5F, 0x24, 0x11, 0x24, 0x11, 0x24, 0x13, 0x24, 0x16, 0x24, 0x10, 0x84, 0x10, 0xC4, 0x1F, 0x1C, 0x00, 0x1C, 0x00, 0x00 } },  /* 创 */
    { 0x521D, { 0x08, 0x00, 0x0C, 0x00, 0x08, 0xFE, 0x3E, 0x26, 0x04, 0x26, 0x0E, 0x26, 0x09, 0x26, 0x1E, 0x26, 0x3E, 0x26, 0x6B, 0x46, 0x0A, 0x46, 0x08, 0x46, 0x08, 0x84, 0x09, 0x9C, 0x0B, 0x18, 0x00, 0x00 } },  /* 初 */
    { 0x5220, { 0x00, 0x04, 0x3D, 0xC4, 0x25, 0x54, 0x25, 0x54, 0x25, 0x54, 0x25, 0x54, 0x7F, 0xF4, 0x25, 0x54, 0x25, 0x54, 0x25, 0x54, 0x25, 0x54, 0x25, 0x44, 0x45, 0x44, 0x5E, 0xD4, 0x48, 0x8C, 0x00, 0x00 } },  /* 删 */
    { 0x522B, { 0x00, 0x04, 0x1F, 0x04, 0x11, 0x24, 0x11, 0x24, 0x11, 0x24, 0x1F, 0x24, 0x08, 0x24, 0x04, 0x24, 0x3F, 0xA4, 0x04, 0xA4, 0x0C, 0xA4, 0x08, 0x84, 0x18, 0x84, 0x33, 0x9C, 0x21, 0x18, 0x00, 0x00 } },  /* 别 */
    { 0x5230, { 0x00, 0x04, 0x3F, 0x84, 0x08, 0x24, 0x0D, 0x24, 0x1B, 0x24, 0x13, 0xA4, 0x7E, 0xA4, 0x04, 0x24, 0x04, 0x24, 0x3F, 0xA4, 0x04, 0x24, 0x04, 0x84, 0x3F, 0x84, 0x38, 0x1C, 0x00, 0x1C, 0x00, 0x00 } },  /* 到 */
    { 0x5236, { 0x04, 0x04, 0x34, 0x04, 0x3F, 0xB4, 0x24, 0x14, 0x64, 0x14, 0x04, 0x14, 0x7F, 0x94, 0x04, 0x14, 0x3F, 0x94, 0x24, 0x94, 0x24, 0x94, 0x24, 0x84, 0x25, 0x84, 0x05, 0x1C, 0x04, 0x0C, 0x00, 0x00 } },  /* 制 */
    { 0x524D, { 0x0C, 0x60, 0x04, 0x60, 0x02, 0x40, 0xFF, 0xFC, 0x00, 0x00, 0x3F, 0x48, 0x21, 0x48, 0x21, 0x48, 0x3F, 0x48, 0x21, 0x48, 0x3F, 0x48, 0x21, 0x48, 0x21, 0x08, 0x27, 0x38, 0x02, 0x38, 0x00, 0x00 } },  /* 前 */
    { 0x5269, { 0x01, 0x84, 0x3F, 0x84, 0x04, 0x24, 0x7F, 0xD4, 0x04, 0x14, 0x15, 0x14, 0x75, 0xD4, 0x15, 0x14, 0x35, 0xD4, 0x56, 0x14, 0x0F, 0x04, 0x15, 0x84, 0x24, 0xC4, 0x44, 0x1C, 0x04, 0x0C, 0x00, 0x00 } },  /* 剩 */
    { 0x526A, { 0x08, 0x20, 0x0C, 0x70, 0x7F, 0xFE, 0x00, 0x00, 0x3F, 0x68, 0x21, 0x28, 0x3F, 0x28, 0x3F, 0x28, 0x21, 0x18, 0x03, 0x00, 0x7F, 0xF8, 0x02, 0x18, 0x0E, 0x18, 0x7C, 0x70, 0x30, 0x00, 0x00, 0x00 } },  /* 剪 */
    { 0x529F, { 0x00, 0x30, 0x00, 0x20, 0x7E, 0x20, 0x09, 0xFE, 0x08, 0x26, 0x08, 0x24, 0x08, 0x24, 0x08, 0x24, 0x08, 0x64, 0x08, 0x44, 0x0E, 0x44, 0xF8, 0xC4, 0x41, 0x84, 0x03, 0x1C, 0x06, 0x18, 0x00, 0x00 } },  /* 功 */
    { 0x52A0, { 0x00, 0x00, 0x18, 0x00, 0x08, 0x00, 0x08, 0x00, 0x7F, 0x7E, 0x09, 0x22, 0x09, 0x22, 0x09, 0x22, 0x09, 0x22, 0x09, 0x22, 0x19, 0x22, 0x11, 0x22, 0x13, 0x3E, 0x37, 0x22, 0x66, 0x22, 0x00, 0x00 } },  /* 加 */
    { 0x52A1, { 0x04, 0x00, 0x06, 0x00, 0x0F, 0xF8, 0x0E, 0x30, 0x12, 0x60, 0x31, 0xC0, 0x03, 0xE0, 0x1E, 0x3E, 0x79, 0x86, 0x01, 0x00, 0x1F, 0xF8, 0x03, 0x08, 0x06, 0x18, 0x3C, 0x78, 0x70, 0x30, 0x00, 0x00 } },  /* 务 */
    { 0x52A8, { 0x00, 0x30, 0x00, 0x20, 0x3E, 0x20, 0x01, 0xFE, 0x00, 0x24, 0x7F, 0x24, 0x08, 0x24, 0x18, 0x24, 0x12, 0x24, 0x12, 0x24, 0x23, 0x44, 0x7D, 0x44, 0x40, 0xC4, 0x01, 0x9C, 0x03, 0x18, 0x00, 0x00 } },  /* 动 */
    { 0x52A9, { 0x00, 0x20, 0x3E, 0x20, 0x22, 0x20, 0x22, 0xFC, 0x3A, 0xE4, 0x3E, 0x24, 0x22, 0x24, 0x22, 0x24, 0x3E, 0x24, 0x22, 0x24, 0x22, 0x44, 0x2F, 0x44, 0x7E, 0xC4, 0x61, 0x9C, 0x03, 0x10, 0x00, 0x00 } },  /* 助 */
    { 0x52BF, { 0x08, 0x60, 0x08, 0x60, 0x7F, 0xF8, 0x08, 0x68, 0x0F, 0xC8, 0x7C, 0xE8, 0x09, 0xBA, 0x0B, 0x0E, 0x38, 0x00, 0x01, 0x80, 0x3F, 0xF8, 0x01, 0x08, 0x06, 0x18, 0x1C, 0x78, 0x70, 0x20, 0x00, 0x00 } },  /* 势 */
    { 0x5316, { 0x00, 0x00, 0x08, 0x80, 0x1C, 0x80, 0x10, 0x88, 0x10, 0x8C, 0x30, 0x98, 0x30, 0xB0, 0x50, 0xE0, 0xD0, 0xC0, 0x10, 0x80, 0x10, 0x80, 0x10, 0x88, 0x10, 0x86, 0x10, 0x84, 0x10, 0xFC, 0x00, 0x00 } },  /* 化 */
    { 0x5317, { 0x00, 0x00, 0x04, 0x40, 0x04, 0x40, 0x04, 0x40, 0x04, 0x44, 0x7C, 0x5E, 0x04, 0x70, 0x04, 0x40, 0x04, 0x40, 0x04, 0x40, 0x0C, 0x44, 0x7C, 0x46, 0x24, 0x46, 0x04, 0x7C, 0x00, 0x00, 0x00, 0x00 } },  /* 北 */
    { 0x533A, { 0x00, 0x00, 0x3F, 0xFC, 0x10, 0x00, 0x10, 0x08, 0x13, 0x18, 0x11, 0xB0, 0x10, 0xE0, 0x10, 0x60, 0x10, 0xF0, 0x11, 0x98, 0x13, 0x0C, 0x16, 0x00, 0x10, 0x00, 0x1F, 0xFC, 0x00, 0x00, 0x00, 0x00 } },  /* 区 */
    { 0x5343, { 0x00, 0x10, 0x00, 0xF8, 0x1F, 0x80, 0x10, 0x80, 0x00, 0x80, 0x00, 0x80, 0x00, 0x80, 0x3F, 0xFE, 0x00, 0x80, 0x00, 0x80, 0x00, 0x80, 0x00, 0x80, 0x00, 0x80, 0x00, 0x80, 0x00, 0x80, 0x00, 0x00 } },  /* 千 */
    { 0x5357, { 0x00, 0xC0, 0x00, 0x80, 0x3F, 0xFE, 0x00, 0x80, 0x20, 0x84, 0x3F, 0xFC, 0x22, 0x64, 0x23, 0x44, 0x27, 0xF4, 0x20, 0x84, 0x27, 0xF4, 0x20, 0x84, 0x20, 0x84, 0x20, 0x9C, 0x20, 0x18, 0x00, 0x00 } },  /* 南 */
    { 0x5361, { 0x01, 0x80, 0x01, 0x00, 0x01, 0x00, 0x01, 0xF8, 0x01, 0x00, 0x01, 0x00, 0x7F, 0xFE, 0x01, 0x00, 0x01, 0x40, 0x01, 0x30, 0x01, 0x18, 0x01, 0x0C, 0x01, 0x00, 0x01, 0x00, 0x01, 0x00, 0x00, 0x00 } },  /* 卡 */
    { 0x5377, { 0x01, 0x00, 0x11, 0x18, 0x1B, 0x30, 0x3F, 0xF8, 0x02, 0x00, 0x02, 0x00, 0x7F, 0xFE, 0x0C, 0x20, 0x18, 0x30, 0x3F, 0xFE, 0x68, 0x26, 0x49, 0xE0, 0x08, 0x90, 0x08, 0x18, 0x0F, 0xF0, 0x00, 0x00 } },  /* 卷 */
    { 0x5386, { 0x00, 0x00, 0x1F, 0xFE, 0x10, 0x00, 0x10, 0xC0, 0x10, 0xC0, 0x17, 0xFC, 0x10, 0x8C, 0x10, 0x8C, 0x10, 0x8C, 0x11, 0x8C, 0x11, 0x0C, 0x13, 0x0C, 0x32, 0x08, 0x26, 0x38, 0x6C, 0x30, 0x00, 0x00 } },  /* 历 */
    { 0x538B, { 0x00, 0x00, 0x1F, 0xFE, 0x10, 0x00, 0x10, 0x40, 0x10, 0x40, 0x10, 0x40, 0x13, 0xFC, 0x10, 0x40, 0x10, 0x48, 0x10, 0x58, 0x10, 0x4C, 0x30, 0x40, 0x2F, 0xFE, 0x60, 0x00, 0x00, 0x00, 0x00, 0x00 } },  /* 压 */
    { 0x539F, { 0x00, 0x00, 0x1F, 0xFE, 0x10, 0x80, 0x10, 0xC0, 0x17, 0xF8, 0x14, 0x08, 0x17, 0xF8, 0x14, 0x08, 0x14, 0x08, 0x17, 0xF8, 0x14, 0x50, 0x26, 0x4C, 0x2C, 0x46, 0x68, 0x44, 0x01, 0xC0, 0x00, 0x00 } },  /* 原 */
    { 0x53BB, { 0x00, 0x80, 0x00, 0x80, 0x00, 0x80, 0x1F, 0xFC, 0x00, 0x80, 0x00, 0x80, 0x00, 0x80, 0x3F, 0xFE, 0x02, 0x00, 0x03, 0x00, 0x06, 0x60, 0x04, 0x30, 0x08, 0x38, 0x3F, 0xFC, 0x20, 0x08, 0x00, 0x00 } },  /* 去 */
    { 0x53C2, { 0x02, 0x00, 0x03, 0x20, 0x04, 0x70, 0x1F, 0xF8, 0x02, 0x00, 0x7F, 0xFE, 0x0C, 0x20, 0x18, 0x90, 0x33, 0x4C, 0x6E, 0x66, 0x11, 0x98, 0x0F, 0x30, 0x18, 0xE0, 0x07, 0x80, 0x3C, 0x00, 0x00, 0x00 } },  /* 参 */
    { 0x53C8, { 0x00, 0x00, 0x30, 0x08, 0x3F, 0xF8, 0x08, 0x10, 0x0C, 0x10, 0x04, 0x30, 0x06, 0x20, 0x02, 0x60, 0x03, 0x40, 0x01, 0xC0, 0x03, 0xE0, 0x0E, 0x38, 0x38, 0x1E, 0x60, 0x04, 0x00, 0x00, 0x00, 0x00 } },  /* 又 */
    { 0x53CA, { 0x00, 0x00, 0x1F, 0xF8, 0x02, 0x18, 0x02, 0x10, 0x02, 0x30, 0x02, 0x20, 0x07, 0x7C, 0x05, 0x08, 0x05, 0x88, 0x0C, 0x98, 0x08, 0xF0, 0x18, 0x60, 0x31, 0xF8, 0x6F, 0x1F, 0x0C, 0x02, 0x00, 0x00 } },  /* 及 */
    { 0x53D1, { 0x01, 0xA0, 0x09, 0x30, 0x19, 0x18, 0x11, 0x00, 0x3F, 0xFE, 0x22, 0x00, 0x02, 0x00, 0x07, 0xF8, 0x0C, 0x18, 0x0A, 0x30, 0x19, 0x20, 0x70, 0xE0, 0x41, 0xF0, 0x0F, 0x3E, 0x1C, 0x04, 0x00, 0x00 } },  /* 发 */
    { 0x53D6, { 0x00, 0x00, 0xFE, 0x00, 0x25, 0xF8, 0x24, 0x88, 0x24, 0x90, 0x3C, 0x90, 0x24, 0x90, 0x24, 0xD0, 0x3C, 0x50, 0x24, 0x60, 0x24, 0x60, 0x3C, 0x60, 0xF4, 0xF8, 0x05, 0x8C, 0x07, 0x00, 0x00, 0x00 } },  /* 取 */
    { 0x53D8, { 0x01, 0x80, 0x01, 0x80, 0x3F, 0xFE, 0x02, 0x40, 0x1A, 0x58, 0x32, 0x4C, 0x62, 0x46, 0x42, 0x40, 0x1F, 0xF8, 0x08, 0x30, 0x04, 0x60, 0x03, 0xC0, 0x01, 0x80, 0x7F, 0xFE, 0x38, 0x1C, 0x00, 0x00 } },  /* 变 */
    { 0x53E3, { 0x00, 0x00, 0x00, 0x00, 0x3F, 0xF8, 0x30, 0x18, 0x30, 0x18, 0x30, 0x18, 0x30, 0x18, 0x30, 0x18, 0x30, 0x18, 0x30, 0x18, 0x30, 0x18, 0x3F, 0xF8, 0x30, 0x18, 0x30, 0x00, 0x00, 0x00, 0x00, 0x00 } },  /* 口 */
    { 0x53EA, { 0x00, 0x00, 0x1F, 0xF0, 0x10, 0x10, 0x10, 0x10, 0x10, 0x10, 0x10, 0x10, 0x10, 0x10, 0x1F, 0xF0, 0x00, 0x00, 0x00, 0x20, 0x06, 0x70, 0x0C, 0x18, 0x18, 0x0C, 0x30, 0x06, 0x60, 0x00, 0x00, 0x00 } },  /* 只 */
    { 0x53EB, { 0x00, 0x10, 0x00, 0x08, 0x3E, 0x48, 0x24, 0x48, 0x24, 0x48, 0x24, 0x48, 0x24, 0x48, 0x24, 0x48, 0x24, 0x48, 0x3C, 0x58, 0x25, 0xE8, 0x20, 0x08, 0x00, 0x08, 0x00, 0x08, 0x00, 0x08, 0x00, 0x00 } },  /* 叫 */
    { 0x53EF, { 0x40, 0x02, 0x7F, 0xFE, 0x00, 0x10, 0x00, 0x10, 0x1F, 0x90, 0x10, 0x90, 0x10, 0x90, 0x10, 0x90, 0x1F, 0x90, 0x10, 0x90, 0x10, 0x10, 0x00, 0x10, 0x00, 0xD0, 0x00, 0x70, 0x00, 0x00, 0x00, 0x00 } },  /* 可 */
    { 0x53F0, { 0x00, 0x00, 0x01, 0x00, 0x03, 0x80, 0x06, 0x30, 0x0C, 0x18, 0x18, 0x0C, 0x7F, 0xFE, 0x00, 0x04, 0x00, 0x00, 0x1F, 0xF8, 0x10, 0x08, 0x10, 0x08, 0x10, 0x08, 0x1F, 0xF8, 0x10, 0x08, 0x00, 0x00 } },  /* 台 */
    { 0x53F2, { 0x01, 0x80, 0x00, 0x80, 0x00, 0x80, 0x1F, 0xF8, 0x10, 0x88, 0x10, 0x88, 0x10, 0x88, 0x1F, 0xF8, 0x00, 0x80, 0x18, 0x80, 0x0E, 0x80, 0x03, 0x00, 0x07, 0xE0, 0x3C, 0x3E, 0x70, 0x00, 0x00, 0x00 } },  /* 史 */
    { 0x53F7, { 0x00, 0x00, 0x1F, 0xF8, 0x10, 0x08, 0x10, 0x08, 0x1F, 0xF8, 0x00, 0x00, 0xFF, 0xFE, 0xFF, 0xFE, 0x0C, 0x00, 0x09, 0xF8, 0x06, 0x08, 0x00, 0x08, 0x00, 0x18, 0x00, 0xF0, 0x00, 0xE0, 0x00, 0x00 } },  /* 号 */
    { 0x5408, { 0x01, 0x00, 0x03, 0x80, 0x06, 0x80, 0x0C, 0x60, 0x18, 0x30, 0x30, 0x1E, 0xEF, 0xF4, 0x40, 0x00, 0x1F, 0xF0, 0x10, 0x10, 0x10, 0x10, 0x10, 0x10, 0x1F, 0xF0, 0x10, 0x10, 0x10, 0x10, 0x00, 0x00 } },  /* 合 */
    { 0x540C, { 0x00, 0x00, 0x3F, 0xFC, 0x20, 0x04, 0x20, 0x04, 0x27, 0xF4, 0x20, 0x04, 0x20, 0x04, 0x27, 0xE4, 0x24, 0x24, 0x24, 0x24, 0x27, 0xE4, 0x20, 0x04, 0x20, 0x04, 0x20, 0x1C, 0x00, 0x0C, 0x00, 0x00 } },  /* 同 */
    { 0x540D, { 0x03, 0x00, 0x03, 0x80, 0x07, 0xFC, 0x04, 0x18, 0x0C, 0x30, 0x1B, 0x60, 0x31, 0xC0, 0x01, 0x80, 0x07, 0xFC, 0x3C, 0x04, 0x74, 0x04, 0x04, 0x04, 0x07, 0xFC, 0x04, 0x04, 0x04, 0x00, 0x00, 0x00 } },  /* 名 */
    { 0x540E, { 0x00, 0x38, 0x1F, 0xFC, 0x10, 0x00, 0x10, 0x00, 0x10, 0x00, 0x1F, 0xFE, 0x10, 0x00, 0x10, 0x00, 0x17, 0xF8, 0x14, 0x08, 0x34, 0x08, 0x24, 0x08, 0x27, 0xF8, 0x64, 0x08, 0x04, 0x08, 0x00, 0x00 } },  /* 后 */
    { 0x5411, { 0x03, 0x00, 0x06, 0x00, 0x26, 0x04, 0x3F, 0xFC, 0x20, 0x04, 0x20, 0x04, 0x27, 0xC4, 0x24, 0x44, 0x24, 0x44, 0x24, 0x44, 0x27, 0xC4, 0x20, 0x04, 0x20, 0x04, 0x20, 0x1C, 0x00, 0x18, 0x00, 0x00 } },  /* 向 */
    { 0x542C, { 0x00, 0x00, 0x00, 0x18, 0x7D, 0xFC, 0x45, 0x00, 0x45, 0x00, 0x45, 0xFE, 0x45, 0x08, 0x45, 0x08, 0x45, 0x08, 0x7D, 0x08, 0x45, 0x08, 0x42, 0x08, 0x02, 0x08, 0x06, 0x08, 0x0C, 0x08, 0x00, 0x00 } },  /* 听 */
    { 0x542F, { 0x00, 0xC0, 0x00, 0x40, 0x0F, 0xFC, 0x08, 0x04, 0x08, 0x04, 0x0F, 0xFC, 0x08, 0x00, 0x08, 0x00, 0x0B, 0xFC, 0x0A, 0x04, 0x0A, 0x04, 0x1A, 0x04, 0x13, 0xFC, 0x32, 0x04, 0x22, 0x00, 0x00, 0x00 } },  /* 启 */
    { 0x5439, { 0x00, 0xC0, 0x00, 0x80, 0x7C, 0x80, 0x45, 0xFC, 0x45, 0x0C, 0x45, 0x8C, 0x47, 0x68, 0x44, 0x40, 0x44, 0x60, 0x7C, 0xE0, 0x44, 0xA0, 0x41, 0x90, 0x03, 0x18, 0x06, 0x0E, 0x0C, 0x04, 0x00, 0x00 } },  /* 吹 */
    { 0x5468, { 0x00, 0x00, 0x1F, 0xFC, 0x10, 0x04, 0x10, 0x84, 0x13, 0xF4, 0x10, 0x84, 0x17, 0xF4, 0x10, 0x84, 0x10, 0x04, 0x13, 0xE4, 0x12, 0x24, 0x33, 0xE4, 0x20, 0x04, 0x60, 0x1C, 0x20, 0x0C, 0x00, 0x00 } },  /* 周 */
    { 0x548C, { 0x01, 0x00, 0x3F, 0x80, 0x14, 0x7E, 0x04, 0x42, 0x04, 0x42, 0x3F, 0xC2, 0x0C, 0x42, 0x0E, 0x42, 0x17, 0x42, 0x35, 0x42, 0x24, 0xFE, 0x64, 0x42, 0x04, 0x40, 0x04, 0x00, 0x04, 0x00, 0x00, 0x00 } },  /* 和 */
    { 0x557C, { 0x00, 0x60, 0x00, 0x20, 0x7B, 0xFE, 0x48, 0x98, 0x49, 0x90, 0x4B, 0xFE, 0x4A, 0x02, 0x4A, 0x20, 0x49, 0xFC, 0x79, 0x24, 0x49, 0x24, 0x41, 0x24, 0x01, 0x3C, 0x00, 0x28, 0x00, 0x20, 0x00, 0x00 } },  /* 啼 */
    { 0x5668, { 0x00, 0x00, 0x1E, 0x7C, 0x12, 0x44, 0x1E, 0x7C, 0x02, 0x00, 0x01, 0xB0, 0x7F, 0xFE, 0x03, 0x60, 0x0E, 0x1E, 0x70, 0x00, 0x1E, 0x78, 0x12, 0x48, 0x1E, 0x78, 0x12, 0x48, 0x00, 0x00, 0x00, 0x00 } },  /* 器 */
    { 0x56DB, { 0x00, 0x00, 0x00, 0x00, 0x3F, 0xFC, 0x22, 0x44, 0x22, 0x44, 0x22, 0x44, 0x22, 0x44, 0x22, 0x44, 0x24, 0x54, 0x2C, 0x74, 0x28, 0x04, 0x3F, 0xFC, 0x20, 0x04, 0x00, 0x00, 0x00, 0x00, 0x00, 0x00 } },  /* 四 */
    { 0x56DE, { 0x00, 0x00, 0x20, 0x04, 0x3F, 0xFC, 0x20, 0x04, 0x28, 0x04, 0x27, 0xE4, 0x24, 0x24, 0x24, 0x24, 0x24, 0x24, 0x27, 0xE4, 0x20, 0x04, 0x20, 0x04, 0x3F, 0xFC, 0x20, 0x04, 0x00, 0x00, 0x00, 0x00 } },  /* 回 */
    { 0x56F4, { 0x00, 0x00, 0x3F, 0xFC, 0x20, 0x04, 0x21, 0x04, 0x2F, 0xF4, 0x21, 0x04, 0x2F, 0xE4, 0x21, 0x04, 0x2F, 0xF4, 0x21, 0x14, 0x21, 0x74, 0x21, 0x44, 0x20, 0x04, 0x3F, 0xFC, 0x20, 0x04, 0x00, 0x00 } },  /* 围 */
    { 0x5728, { 0x01, 0x80, 0x01, 0x80, 0x1F, 0xFE, 0x02, 0x00, 0x02, 0x40, 0x04, 0x20, 0x08, 0x20, 0x18, 0x20, 0x39, 0xFC, 0x68, 0x20, 0x08, 0x20, 0x08, 0x20, 0x08, 0x20, 0x0B, 0xFE, 0x00, 0x00, 0x00, 0x00 } },  /* 在 */
    { 0x5730, { 0x00, 0x30, 0x10, 0x20, 0x11, 0x20, 0x11, 0x24, 0x11, 0x3C, 0x7D, 0xF4, 0x17, 0x24, 0x15, 0x24, 0x11, 0x24, 0x11, 0x3C, 0x15, 0x28, 0x3D, 0x22, 0x61, 0x06, 0x01, 0xFE, 0x00, 0x00, 0x00, 0x00 } },  /* 地 */
    { 0x5747, { 0x10, 0x60, 0x10, 0xC0, 0x10, 0xC0, 0x10, 0xFE, 0x7D, 0x86, 0x11, 0x46, 0x12, 0x64, 0x10, 0x24, 0x10, 0x0C, 0x10, 0x34, 0x1D, 0xEC, 0x78, 0x84, 0x60, 0x04, 0x00, 0x3C, 0x00, 0x18, 0x00, 0x00 } },  /* 均 */
    { 0x574F, { 0x10, 0x00, 0x13, 0xFE, 0x10, 0x30, 0x10, 0x20, 0x7C, 0x20, 0x10, 0x60, 0x10, 0x68, 0x10, 0xF8, 0x10, 0xEC, 0x1D, 0xA6, 0x7B, 0x22, 0x66, 0x20, 0x00, 0x20, 0x00, 0x20, 0x00, 0x20, 0x00, 0x00 } },  /* 坏 */
    { 0x5750, { 0x00, 0x00, 0x00, 0x80, 0x08, 0x90, 0x0C, 0x9C, 0x18, 0x98, 0x18, 0x98, 0x34, 0xBC, 0x26, 0xA6, 0x60, 0xE4, 0x00, 0x80, 0x1F, 0xFC, 0x00, 0x80, 0x00, 0x80, 0x00, 0x80, 0x3F, 0xFE, 0x00, 0x00 } },  /* 坐 */
    { 0x578B, { 0x00, 0x04, 0x3F, 0xE4, 0x09, 0x24, 0x09, 0x24, 0x09, 0x24, 0x3F, 0xE4, 0x09, 0x24, 0x11, 0x04, 0x71, 0x1C, 0x00, 0x98, 0x1F, 0xFC, 0x00, 0x80, 0x00, 0x80, 0x3F, 0xFE, 0x00, 0x00, 0x00, 0x00 } },  /* 型 */
    { 0x5806, { 0x10, 0xE0, 0x10, 0x90, 0x11, 0x90, 0x11, 0xFE, 0x7D, 0x10, 0x13, 0x10, 0x13, 0xFE, 0x15, 0x10, 0x11, 0x10, 0x15, 0xFE, 0x7D, 0x10, 0x61, 0x10, 0x01, 0xFE, 0x01, 0x00, 0x01, 0x00, 0x00, 0x00 } },  /* 堆 */
    { 0x5883, { 0x10, 0x60, 0x13, 0xFC, 0x10, 0x10, 0x11, 0x98, 0x7B, 0xFE, 0x10, 0x00, 0x13, 0xFC, 0x12, 0x04, 0x13, 0xFC, 0x12, 0x04, 0x1F, 0xFC, 0x70, 0xA0, 0x41, 0xA6, 0x0F, 0x3C, 0x04, 0x00, 0x00, 0x00 } },  /* 境 */
    { 0x5904, { 0x00, 0x00, 0x18, 0x60, 0x18, 0x20, 0x10, 0x20, 0x1F, 0x20, 0x21, 0x38, 0x21, 0x2C, 0x72, 0x26, 0xD2, 0x20, 0x1A, 0x20, 0x0C, 0x20, 0x0C, 0x20, 0x1F, 0x20, 0x73, 0xFE, 0xE0, 0xFC, 0x00, 0x00 } },  /* 处 */
    { 0x5907, { 0x06, 0x00, 0x07, 0x00, 0x0F, 0xF8, 0x1C, 0x30, 0x36, 0x60, 0x23, 0xC0, 0x0F, 0xF0, 0xF8, 0x1E, 0x9F, 0xF8, 0x10, 0x88, 0x1F, 0xF8, 0x10, 0x88, 0x10, 0x88, 0x1F, 0xF8, 0x10, 0x08, 0x00, 0x00 } },  /* 备 */
    { 0x590D, { 0x06, 0x00, 0x0C, 0x00, 0x0F, 0xFE, 0x10, 0x00, 0x7F, 0xF8, 0x10, 0x08, 0x1F, 0xF8, 0x10, 0x08, 0x1F, 0xF8, 0x0F, 0xF8, 0x1C, 0x30, 0x67, 0x60, 0x01, 0xC0, 0x0F, 0xFE, 0x78, 0x1C, 0x00, 0x00 } },  /* 复 */
    { 0x591A, { 0x03, 0x00, 0x02, 0x00, 0x07, 0xFC, 0x0C, 0x10, 0x1C, 0x20, 0x33, 0xC0, 0x03, 0x80, 0x3F, 0x80, 0x13, 0xFC, 0x06, 0x0C, 0x0F, 0x18, 0x38, 0xF0, 0x00, 0x60, 0x4F, 0xC0, 0x3E, 0x00, 0x00, 0x00 } },  /* 多 */
    { 0x591F, { 0x18, 0x20, 0x10, 0x30, 0x32, 0x7E, 0x3E, 0x44, 0x62, 0xEC, 0x7A, 0x18, 0x2A, 0x60, 0x2B, 0xD0, 0x2A, 0x3E, 0x2A, 0x62, 0x3A, 0xE4, 0x22, 0x1C, 0x02, 0x18, 0x0E, 0x70, 0x01, 0xC0, 0x00, 0x00 } },  /* 够 */
    { 0x5927, { 0x01, 0x80, 0x01, 0x80, 0x01, 0x80, 0x01, 0x80, 0x7F, 0xFC, 0x01, 0x80, 0x01, 0x80, 0x01, 0x80, 0x03, 0x40, 0x02, 0x60, 0x06, 0x30, 0x0C, 0x38, 0x38, 0x1E, 0x60, 0x04, 0x00, 0x00, 0x00, 0x00 } },  /* 大 */
    { 0x5929, { 0x00, 0x00, 0x20, 0x08, 0x3F, 0xF8, 0x01, 0x80, 0x01, 0x80, 0x01, 0x80, 0x7F, 0xFC, 0x01, 0x80, 0x03, 0xC0, 0x03, 0x40, 0x06, 0x60, 0x06, 0x30, 0x1C, 0x38, 0x78, 0x0E, 0x60, 0x04, 0x00, 0x00 } },  /* 天 */
    { 0x5931, { 0x00, 0xC0, 0x0C, 0x80, 0x08, 0x80, 0x0F, 0xFC, 0x10, 0x80, 0x10, 0x80, 0x20, 0x80, 0x3F, 0xFE, 0x01, 0x80, 0x01, 0x40, 0x03, 0x40, 0x06, 0x60, 0x0E, 0x3C, 0x38, 0x0E, 0x70, 0x04, 0x00, 0x00 } },  /* 失 */
    { 0x5934, { 0x00, 0x60, 0x08, 0x60, 0x0E, 0x60, 0x03, 0x60, 0x10, 0x60, 0x38, 0x60, 0x0C, 0x40, 0x00, 0x40, 0x3F, 0xFF, 0x00, 0xC0, 0x00, 0xA0, 0x01, 0xB8, 0x07, 0x1C, 0x3E, 0x0E, 0x18, 0x00, 0x00, 0x00 } },  /* 头 */
    { 0x5939, { 0x00, 0xC0, 0x00, 0x80, 0x1F, 0xFC, 0x00, 0x80, 0x08, 0x90, 0x08, 0x98, 0x0C, 0x90, 0x00, 0xA0, 0x3F, 0xFE, 0x01, 0xC0, 0x01, 0x40, 0x03, 0x20, 0x0E, 0x38, 0x3C, 0x1E, 0x30, 0x04, 0x00, 0x00 } },  /* 夹 */
    { 0x597D, { 0x18, 0x00, 0x18, 0xFE, 0x18, 0x0E, 0x10, 0x08, 0x7E, 0x10, 0x12, 0x10, 0x12, 0x10, 0x32, 0xFE, 0x26, 0x10, 0x34, 0x10, 0x1C, 0x10, 0x0E, 0x10, 0x1B, 0x10, 0x70, 0x70, 0x20, 0x30, 0x00, 0x00 } },  /* 好 */
    { 0x59CB, { 0x00, 0x60, 0x18, 0x70, 0x10, 0xC0, 0x10, 0x9C, 0x7D, 0x86, 0x27, 0xFE, 0x27, 0x03, 0x24, 0x00, 0x2D, 0xFC, 0x69, 0x04, 0x19, 0x04, 0x1F, 0x04, 0x15, 0xFC, 0x61, 0x04, 0x41, 0x00, 0x00, 0x00 } },  /* 始 */
    { 0x5B50, { 0x00, 0x00, 0x1F, 0xFC, 0x00, 0x30, 0x00, 0x60, 0x00, 0xC0, 0x00, 0x80, 0x00, 0x80, 0x3F, 0xFE, 0x00, 0x80, 0x00, 0x80, 0x00, 0x80, 0x00, 0x80, 0x03, 0x80, 0x03, 0x80, 0x00, 0x00, 0x00, 0x00 } },  /* 子 */
    { 0x5B57, { 0x01, 0x80, 0x01, 0x80, 0x3F, 0xFC, 0x20, 0x04, 0x20, 0x04, 0x2F, 0xF0, 0x00, 0x70, 0x00, 0xC0, 0x00, 0x80, 0x7F, 0xFE, 0x00, 0x80, 0x00, 0x80, 0x00, 0x80, 0x03, 0x80, 0x03, 0x00, 0x00, 0x00 } },  /* 字 */
    { 0x5B58, { 0x01, 0x80, 0x03, 0x00, 0x3F, 0xFE, 0x06, 0x00, 0x04, 0x00, 0x09, 0xFC, 0x18, 0x18, 0x38, 0x30, 0x68, 0x20, 0xCB, 0xFE, 0x08, 0x20, 0x08, 0x20, 0x08, 0x20, 0x08, 0xE0, 0x08, 0x40, 0x00, 0x00 } },  /* 存 */
    { 0x5B89, { 0x01, 0x00, 0x01, 0x80, 0x3F, 0xFC, 0x20, 0x04, 0x22, 0x04, 0x03, 0x00, 0x02, 0x00, 0x7F, 0xFE, 0x04, 0x20, 0x08, 0x20, 0x0F, 0x60, 0x01, 0xC0, 0x03, 0xF0, 0x7E, 0x1C, 0x30, 0x04, 0x00, 0x00 } },  /* 安 */
    { 0x5B8C, { 0x01, 0x80, 0x00, 0x80, 0x3F, 0xFC, 0x20, 0x04, 0x20, 0x04, 0x0F, 0xF0, 0x00, 0x00, 0x3F, 0xFC, 0x02, 0x40, 0x02, 0x40, 0x02, 0x40, 0x06, 0x44, 0x0C, 0x46, 0x38, 0x7C, 0x30, 0x00, 0x00, 0x00 } },  /* 完 */
    { 0x5B9A, { 0x01, 0x80, 0x01, 0x80, 0x00, 0x00, 0x3F, 0xFC, 0x20, 0x04, 0x2F, 0xFC, 0x00, 0x80, 0x10, 0x80, 0x0C, 0x80, 0x08, 0xFC, 0x18, 0x80, 0x1C, 0x80, 0x37, 0x80, 0x23, 0xFE, 0x60, 0x7E, 0x00, 0x00 } },  /* 定 */
    { 0x5B9E, { 0x01, 0x80, 0x00, 0x80, 0x3F, 0xFC, 0x20, 0x04, 0x24, 0xC4, 0x0E, 0xC0, 0x13, 0xC0, 0x0C, 0xC0, 0x04, 0xC0, 0x7F, 0xFE, 0x01, 0x80, 0x03, 0x60, 0x06, 0x38, 0x3C, 0x1C, 0x70, 0x08, 0x00, 0x00 } },  /* 实 */
    { 0x5BA2, { 0x01, 0x80, 0x00, 0x80, 0x3F, 0xFC, 0x22, 0x04, 0x27, 0xF4, 0x0C, 0x20, 0x1A, 0x40, 0x21, 0x80, 0x07, 0xE0, 0x7C, 0x3E, 0x2F, 0xF0, 0x08, 0x10, 0x08, 0x10, 0x0F, 0xF0, 0x08, 0x10, 0x00, 0x00 } },  /* 客 */
    { 0x5BA4, { 0x00, 0x00, 0x01, 0x80, 0x01, 0x80, 0x3F, 0xFC, 0x20, 0x04, 0x2F, 0xF8, 0x03, 0x00, 0x06, 0x60, 0x04, 0x30, 0x1F, 0xF8, 0x21, 0x0C, 0x3F, 0xF8, 0x01, 0x00, 0x01, 0x00, 0x7F, 0xFC, 0x00, 0x00 } },  /* 室 */
    { 0x5BB9, { 0x01, 0x80, 0x01, 0x80, 0x3F, 0xFC, 0x20, 0x04, 0x26, 0x64, 0x09, 0xB8, 0x33, 0x8C, 0x06, 0x40, 0x18, 0x38, 0x6F, 0xF6, 0x08, 0x10, 0x08, 0x10, 0x0F, 0xF0, 0x08, 0x10, 0x08, 0x00, 0x00, 0x00 } },  /* 容 */
    { 0x5BC6, { 0x01, 0x80, 0x00, 0x80, 0x3F, 0xFE, 0x21, 0x22, 0x23, 0xB2, 0x1C, 0x6C, 0x14, 0xE6, 0x27, 0x12, 0x1F, 0xF0, 0x70, 0x00, 0x10, 0x88, 0x10, 0x88, 0x10, 0x88, 0x1F, 0xF8, 0x10, 0x08, 0x00, 0x00 } },  /* 密 */
    { 0x5BCC, { 0x01, 0x80, 0x01, 0x80, 0x3F, 0xFC, 0x2F, 0xF4, 0x00, 0x00, 0x0F, 0xF0, 0x08, 0x10, 0x0F, 0xF0, 0x00, 0x00, 0x1F, 0xF8, 0x10, 0x88, 0x1F, 0xF8, 0x10, 0x88, 0x1F, 0xF8, 0x10, 0x08, 0x00, 0x00 } },  /* 富 */
    { 0x5BF9, { 0x00, 0x08, 0x00, 0x08, 0x7E, 0x08, 0x02, 0x08, 0x06, 0xFE, 0x26, 0x08, 0x14, 0x88, 0x1C, 0xC8, 0x0C, 0x48, 0x0C, 0x68, 0x1E, 0x08, 0x32, 0x08, 0x63, 0x08, 0x40, 0x38, 0x00, 0x18, 0x00, 0x00 } },  /* 对 */
    { 0x5BFC, { 0x00, 0x00, 0x1F, 0xF8, 0x10, 0x08, 0x10, 0x08, 0x1F, 0xF8, 0x10, 0x08, 0x10, 0x06, 0x1F, 0xFC, 0x00, 0x10, 0x7F, 0xFE, 0x00, 0x10, 0x0C, 0x10, 0x04, 0x10, 0x00, 0x10, 0x00, 0xE0, 0x00, 0x00 } },  /* 导 */
    { 0x5C06, { 0x08, 0x00, 0x08, 0x0C, 0x0B, 0xFE, 0x6A, 0x66, 0x29, 0x2C, 0x29, 0xA8, 0x08, 0x08, 0x28, 0x08, 0x3B, 0xFE, 0x28, 0x08, 0x69, 0x88, 0x48, 0x88, 0x48, 0xC8, 0x08, 0x38, 0x08, 0x38, 0x00, 0x00 } },  /* 将 */
    { 0x5C0F, { 0x01, 0x00, 0x01, 0x00, 0x01, 0x00, 0x01, 0x00, 0x19, 0x10, 0x19, 0x18, 0x11, 0x08, 0x31, 0x0C, 0x21, 0x04, 0x61, 0x06, 0x01, 0x04, 0x01, 0x00, 0x07, 0x00, 0x03, 0x00, 0x00, 0x00, 0x00, 0x00 } },  /* 小 */
    { 0x5C11, { 0x01, 0x00, 0x01, 0x00, 0x01, 0x20, 0x19, 0x10, 0x19, 0x18, 0x11, 0x0C, 0x31, 0x06, 0x61, 0x00, 0x01, 0x10, 0x07, 0x18, 0x00, 0x30, 0x00, 0xE0, 0x03, 0x80, 0x7E, 0x00, 0x38, 0x00, 0x00, 0x00 } },  /* 少 */
    { 0x5C18, { 0x00, 0x00, 0x00, 0x80, 0x00, 0x80, 0x0C, 0x90, 0x18, 0x88, 0x10, 0x8C, 0x20, 0x86, 0x60, 0x00, 0x00, 0x80, 0x00, 0x80, 0x1F, 0xFC, 0x00, 0x80, 0x00, 0x80, 0x00, 0x80, 0x3F, 0xFE, 0x00, 0x00 } },  /* 尘 */
    { 0x5C31, { 0x08, 0x30, 0x0C, 0x28, 0x00, 0x38, 0x7F, 0xAC, 0x00, 0x20, 0x3E, 0xFE, 0x22, 0x20, 0x3E, 0x30, 0x0A, 0x30, 0x2A, 0x70, 0x3B, 0x50, 0x6A, 0x54, 0xC8, 0xD6, 0x1B, 0x9C, 0x01, 0x00, 0x00, 0x00 } },  /* 就 */
    { 0x5C3D, { 0x00, 0x00, 0x1F, 0xF8, 0x10, 0x08, 0x10, 0x08, 0x10, 0x08, 0x1F, 0xF8, 0x10, 0xC0, 0x10, 0x60, 0x33, 0x30, 0x21, 0xDC, 0x60, 0x46, 0xC4, 0x00, 0x07, 0x00, 0x01, 0xC0, 0x00, 0x60, 0x00, 0x00 } },  /* 尽 */
    { 0x5C3E, { 0x00, 0x00, 0x3F, 0xF8, 0x30, 0x08, 0x30, 0x08, 0x3F, 0xF8, 0x30, 0x10, 0x3F, 0xF8, 0x30, 0x80, 0x37, 0xF8, 0x30, 0x80, 0x3F, 0xFC, 0x20, 0x84, 0x60, 0x86, 0x60, 0xFC, 0x40, 0x00, 0x00, 0x00 } },  /* 尾 */
    { 0x5C40, { 0x00, 0x00, 0x3F, 0xF8, 0x20, 0x08, 0x20, 0x08, 0x3F, 0xF8, 0x20, 0x00, 0x20, 0x00, 0x3F, 0xFC, 0x20, 0x04, 0x27, 0xC4, 0x24, 0x44, 0x47, 0xC4, 0x44, 0x44, 0xC0, 0x1C, 0x00, 0x18, 0x00, 0x00 } },  /* 局 */
    { 0x5C42, { 0x00, 0x00, 0x1F, 0xFC, 0x10, 0x04, 0x10, 0x04, 0x1F, 0xFC, 0x10, 0x00, 0x17, 0xFC, 0x10, 0x00, 0x10, 0x00, 0x1F, 0xFE, 0x20, 0xB0, 0x21, 0x18, 0x27, 0xFC, 0x67, 0x06, 0x00, 0x00, 0x00, 0x00 } },  /* 层 */
    { 0x5C71, { 0x00, 0x00, 0x01, 0x00, 0x01, 0x00, 0x01, 0x00, 0x21, 0x0C, 0x21, 0x04, 0x21, 0x04, 0x21, 0x04, 0x21, 0x04, 0x21, 0x04, 0x21, 0x04, 0x21, 0x04, 0x3F, 0xFC, 0x20, 0x04, 0x20, 0x00, 0x00, 0x00 } },  /* 山 */
    { 0x5CF0, { 0x00, 0xC0, 0x10, 0xFC, 0x10, 0x88, 0x11, 0x50, 0x54, 0x70, 0x55, 0xCE, 0x56, 0x20, 0x55, 0xFC, 0x54, 0x20, 0x54, 0x20, 0x55, 0xFC, 0x7C, 0x20, 0x47, 0xFE, 0x40, 0x20, 0x00, 0x20, 0x00, 0x00 } },  /* 峰 */
    { 0x5DDE, { 0x00, 0x04, 0x04, 0x44, 0x04, 0x44, 0x04, 0x44, 0x16, 0x64, 0x15, 0x74, 0x15, 0x54, 0x15, 0x54, 0x35, 0x54, 0x04, 0x44, 0x08, 0x44, 0x08, 0x44, 0x08, 0x44, 0x18, 0x44, 0x30, 0x00, 0x00, 0x00 } },  /* 州 */
    { 0x5DE5, { 0x00, 0x00, 0x00, 0x00, 0x3F, 0xFC, 0x01, 0x80, 0x01, 0x80, 0x01, 0x80, 0x01, 0x80, 0x01, 0x80, 0x01, 0x80, 0x01, 0x80, 0x01, 0x80, 0x01, 0x80, 0x7F, 0xFE, 0x00, 0x00, 0x00, 0x00, 0x00, 0x00 } },  /* 工 */
    { 0x5DF1, { 0x00, 0x00, 0x20, 0x10, 0x3F, 0xF0, 0x00, 0x10, 0x00, 0x10, 0x00, 0x10, 0x1F, 0xF0, 0x10, 0x10, 0x10, 0x00, 0x10, 0x00, 0x10, 0x00, 0x10, 0x04, 0x10, 0x0C, 0x1F, 0xF8, 0x00, 0x00, 0x00, 0x00 } },  /* 己 */
    { 0x5DF2, { 0x00, 0x00, 0x3F, 0xF0, 0x00, 0x10, 0x00, 0x10, 0x20, 0x10, 0x20, 0x10, 0x3F, 0xF0, 0x20, 0x10, 0x20, 0x00, 0x20, 0x00, 0x20, 0x10, 0x20, 0x08, 0x20, 0x18, 0x3F, 0xF0, 0x00, 0x00, 0x00, 0x00 } },  /* 已 */
    { 0x5E06, { 0x18, 0x00, 0x10, 0xF8, 0x10, 0x88, 0x7C, 0x88, 0x54, 0x88, 0x54, 0xE8, 0x54, 0xA8, 0x54, 0xA8, 0x54, 0xA8, 0x54, 0x88, 0x54, 0x88, 0x5D, 0x88, 0x11, 0x0B, 0x17, 0x0E, 0x12, 0x00, 0x00, 0x00 } },  /* 帆 */
    { 0x5E26, { 0x08, 0x90, 0x08, 0x90, 0x3F, 0xFC, 0x08, 0x90, 0x08, 0x90, 0x3F, 0xFC, 0x20, 0x04, 0x21, 0x80, 0x00, 0x80, 0x1F, 0xF8, 0x10, 0x88, 0x10, 0x88, 0x10, 0xB8, 0x10, 0xB8, 0x00, 0x80, 0x00, 0x00 } },  /* 带 */
    { 0x5E2E, { 0x04, 0x00, 0x3F, 0xBC, 0x04, 0x28, 0x04, 0x28, 0x3F, 0x28, 0x04, 0x24, 0x7F, 0xA4, 0x08, 0x3C, 0x18, 0x80, 0x7F, 0xF8, 0x10, 0x88, 0x10, 0x88, 0x10, 0x88, 0x10, 0x98, 0x00, 0x80, 0x00, 0x00 } },  /* 帮 */
    { 0x5E38, { 0x01, 0x00, 0x39, 0x18, 0x15, 0x30, 0x7F, 0xFE, 0x40, 0x02, 0x4F, 0xF2, 0x08, 0x10, 0x08, 0x10, 0x0F, 0xF0, 0x01, 0x00, 0x3F, 0xF8, 0x21, 0x08, 0x21, 0x08, 0x21, 0x38, 0x01, 0x00, 0x00, 0x00 } },  /* 常 */
    { 0x5E72, { 0x00, 0x00, 0x3F, 0xF8, 0x01, 0x00, 0x01, 0x00, 0x01, 0x00, 0x01, 0x00, 0x01, 0x00, 0x7F, 0xFC, 0x01, 0x00, 0x01, 0x00, 0x01, 0x00, 0x01, 0x00, 0x01, 0x00, 0x01, 0x00, 0x01, 0x00, 0x00, 0x00 } },  /* 干 */
    { 0x5E74, { 0x04, 0x00, 0x0C, 0x00, 0x0F, 0xFC, 0x10, 0x80, 0x30, 0x80, 0x60, 0x80, 0x0F, 0xF8, 0x08, 0x80, 0x08, 0x80, 0x08, 0x80, 0x7F, 0xFE, 0x00, 0x80, 0x00, 0x80, 0x00, 0x80, 0x00, 0x80, 0x00, 0x00 } },  /* 年 */
    { 0x5E76, { 0x04, 0x30, 0x0C, 0x20, 0x06, 0x40, 0x3F, 0xFC, 0x04, 0x20, 0x04, 0x20, 0x04, 0x20, 0x04, 0x20, 0x7F, 0xFE, 0x04, 0x20, 0x04, 0x20, 0x08, 0x20, 0x18, 0x20, 0x70, 0x20, 0x20, 0x20, 0x00, 0x00 } },  /* 并 */
    { 0x5E8A, { 0x01, 0x80, 0x01, 0x80, 0x3F, 0xFC, 0x21, 0x00, 0x20, 0x80, 0x20, 0x80, 0x2F, 0xF8, 0x21, 0x80, 0x23, 0xC0, 0x22, 0xA0, 0x26, 0xB0, 0x2C, 0x9C, 0x58, 0x8E, 0x50, 0x80, 0x00, 0x80, 0x00, 0x00 } },  /* 床 */
    { 0x5EA6, { 0x01, 0x80, 0x00, 0x80, 0x1F, 0xFE, 0x12, 0x18, 0x11, 0x10, 0x17, 0xFE, 0x11, 0x10, 0x11, 0xF0, 0x12, 0x00, 0x17, 0xFC, 0x31, 0x18, 0x31, 0xB0, 0x20, 0xE0, 0x67, 0xBF, 0x2E, 0x0E, 0x00, 0x00 } },  /* 度 */
    { 0x5EFA, { 0x00, 0x40, 0x7B, 0xF8, 0x18, 0x48, 0x13, 0xFE, 0x10, 0x48, 0x30, 0x48, 0x3B, 0xF8, 0x08, 0x40, 0x4B, 0xF8, 0x28, 0x40, 0x33, 0xFC, 0x18, 0x40, 0x2F, 0xFE, 0x63, 0xFE, 0x00, 0x00, 0x00, 0x00 } },  /* 建 */
    { 0x5F00, { 0x00, 0x00, 0x3F, 0xFC, 0x04, 0x20, 0x04, 0x20, 0x04, 0x20, 0x04, 0x20, 0x04, 0x20, 0x7F, 0xFE, 0x04, 0x20, 0x04, 0x20, 0x0C, 0x20, 0x08, 0x20, 0x18, 0x20, 0x30, 0x20, 0x60, 0x20, 0x00, 0x00 } },  /* 开 */
    { 0x5F02, { 0x00, 0x00, 0x1F, 0xF8, 0x00, 0x08, 0x00, 0x08, 0x1F, 0xF8, 0x10, 0x04, 0x10, 0x06, 0x1F, 0xFC, 0x04, 0x20, 0x04, 0x20, 0x7F, 0xFE, 0x04, 0x20, 0x0C, 0x20, 0x18, 0x20, 0x70, 0x20, 0x00, 0x00 } },  /* 异 */
    { 0x5F03, { 0x01, 0x00, 0x01, 0x80, 0x7F, 0xFC, 0x06, 0x20, 0x04, 0x30, 0x18, 0x10, 0x1F, 0xF8, 0x04, 0x2C, 0x04, 0x20, 0x7F, 0xFE, 0x04, 0x20, 0x04, 0x20, 0x08, 0x20, 0x38, 0x20, 0x60, 0x20, 0x00, 0x00 } },  /* 弃 */
    { 0x5F0F, { 0x00, 0xC0, 0x00, 0xD8, 0x00, 0x90, 0x7F, 0xFC, 0x00, 0xC0, 0x00, 0x40, 0x00, 0x40, 0x3F, 0x40, 0x04, 0x40, 0x04, 0x60, 0x04, 0x24, 0x07, 0x92, 0x3E, 0x1E, 0x30, 0x0C, 0x00, 0x00, 0x00, 0x00 } },  /* 式 */
    { 0x5F15, { 0x20, 0x8C, 0x3F, 0x0C, 0x01, 0x0C, 0x01, 0x0C, 0x3F, 0x0C, 0x20, 0x0C, 0x20, 0x0C, 0x20, 0x0C, 0x3F, 0x0C, 0x01, 0x0C, 0x01, 0x0C, 0x03, 0x0C, 0x03, 0x0C, 0x1E, 0x0C, 0x0E, 0x0C, 0x00, 0x00 } },  /* 引 */
    { 0x5F3A, { 0x00, 0x00, 0x7C, 0xFC, 0x08, 0x84, 0x08, 0x84, 0x08, 0xFC, 0x78, 0x20, 0x41, 0xFC, 0x41, 0x24, 0x79, 0x24, 0x09, 0xFC, 0x09, 0x24, 0x08, 0x20, 0x08, 0x24, 0x7F, 0xFE, 0x34, 0x02, 0x00, 0x00 } },  /* 强 */
    { 0x5F53, { 0x01, 0x00, 0x11, 0x08, 0x31, 0x1C, 0x09, 0x30, 0x0D, 0x20, 0x01, 0x00, 0x3F, 0xF8, 0x00, 0x08, 0x00, 0x08, 0x3F, 0xF8, 0x00, 0x08, 0x00, 0x08, 0x00, 0x08, 0x3F, 0xF8, 0x00, 0x08, 0x00, 0x00 } },  /* 当 */
    { 0x5F55, { 0x00, 0x00, 0x1F, 0xF8, 0x00, 0x08, 0x0F, 0xF8, 0x00, 0x18, 0x00, 0x18, 0x3F, 0xFE, 0x00, 0x88, 0x10, 0x9C, 0x08, 0xB0, 0x02, 0xE0, 0x0C, 0xB8, 0x70, 0x8C, 0x23, 0x86, 0x01, 0x80, 0x00, 0x00 } },  /* 录 */
    { 0x5F84, { 0x08, 0x00, 0x1F, 0xFC, 0x11, 0x0C, 0x61, 0x98, 0x40, 0xB0, 0x0C, 0x60, 0x18, 0xF0, 0x13, 0x9E, 0x3E, 0x47, 0x50, 0x40, 0x13, 0xF8, 0x10, 0x40, 0x10, 0x40, 0x1F, 0xFC, 0x10, 0x00, 0x00, 0x00 } },  /* 径 */
    { 0x5F85, { 0x08, 0x20, 0x0C, 0x20, 0x18, 0x20, 0x31, 0xFC, 0x6C, 0x20, 0x0B, 0xFF, 0x10, 0x08, 0x30, 0x08, 0x73, 0xFF, 0x50, 0x08, 0x11, 0x08, 0x11, 0x88, 0x11, 0x88, 0x10, 0x38, 0x10, 0x18, 0x00, 0x00 } },  /* 待 */
    { 0x5F97, { 0x10, 0x00, 0x19, 0xFC, 0x31, 0x04, 0x69, 0xFC, 0x4D, 0x04, 0x19, 0xFC, 0x10, 0x00, 0x33, 0xFE, 0x50, 0x08, 0x17, 0xFF, 0x10, 0x08, 0x11, 0x88, 0x10, 0x88, 0x10, 0x38, 0x00, 0x10, 0x00, 0x00 } },  /* 得 */
    { 0x5FC3, { 0x00, 0x00, 0x01, 0x00, 0x03, 0x80, 0x00, 0xC0, 0x00, 0xC0, 0x00, 0x00, 0x42, 0x08, 0x32, 0x18, 0x22, 0x0C, 0x22, 0x06, 0x62, 0x04, 0x62, 0x10, 0x02, 0x18, 0x03, 0x38, 0x03, 0xF0, 0x00, 0x00 } },  /* 心 */
    { 0x5FC5, { 0x02, 0x00, 0x07, 0x20, 0x01, 0xB8, 0x01, 0x30, 0x04, 0x20, 0x44, 0x60, 0x34, 0x58, 0x24, 0x8C, 0x65, 0x86, 0x47, 0x02, 0x06, 0x20, 0x0C, 0x18, 0x34, 0x30, 0x67, 0xF0, 0x00, 0x00, 0x00, 0x00 } },  /* 必 */
    { 0x5FC6, { 0x18, 0x00, 0x10, 0x00, 0x11, 0xFC, 0x14, 0x18, 0x56, 0x30, 0x52, 0x20, 0x50, 0x60, 0xD0, 0xC0, 0x10, 0x80, 0x10, 0x80, 0x11, 0x04, 0x11, 0x02, 0x11, 0x06, 0x11, 0xFC, 0x10, 0x00, 0x00, 0x00 } },  /* 忆 */
    { 0x5FD7, { 0x01, 0x00, 0x01, 0x00, 0x01, 0x00, 0x7F, 0xFC, 0x01, 0x00, 0x01, 0x00, 0x1F, 0xF8, 0x00, 0x00, 0x01, 0x80, 0x34, 0x98, 0x24, 0xCC, 0x64, 0x26, 0x64, 0x34, 0x47, 0xE0, 0x00, 0x00, 0x00, 0x00 } },  /* 志 */
    { 0x5FD8, { 0x01, 0x80, 0x01, 0x80, 0x7F, 0xFE, 0x08, 0x00, 0x08, 0x00, 0x08, 0x00, 0x0F, 0xF8, 0x00, 0x00, 0x01, 0x80, 0x34, 0x88, 0x24, 0xCC, 0x64, 0x26, 0x64, 0x34, 0x07, 0xF0, 0x00, 0x00, 0x00, 0x00 } },  /* 忘 */
    { 0x5FD9, { 0x10, 0x30, 0x0C, 0x30, 0x08, 0x20, 0x09, 0xFE, 0x2E, 0x40, 0x2A, 0x40, 0x2B, 0x40, 0x28, 0x40, 0x68, 0x40, 0x08, 0x40, 0x08, 0x40, 0x08, 0x40, 0x08, 0x40, 0x08, 0x7E, 0x08, 0x00, 0x00, 0x00 } },  /* 忙 */
    { 0x5FEB, { 0x18, 0x60, 0x10, 0x40, 0x10, 0x40, 0x15, 0xF8, 0x56, 0x48, 0x52, 0x48, 0x50, 0x48, 0x50, 0x48, 0x13, 0xFE, 0x10, 0x60, 0x10, 0xA0, 0x10, 0x90, 0x11, 0x98, 0x13, 0x0E, 0x16, 0x04, 0x00, 0x00 } },  /* 快 */
    { 0x6001, { 0x03, 0x00, 0x03, 0x00, 0x7F, 0xFC, 0x02, 0x40, 0x06, 0x40, 0x0D, 0x30, 0x19, 0x1E, 0x71, 0x84, 0x40, 0x00, 0x01, 0x88, 0x34, 0xCC, 0x24, 0x46, 0x24, 0x36, 0x67, 0xE0, 0x00, 0x00, 0x00, 0x00 } },  /* 态 */
    { 0x601D, { 0x00, 0x00, 0x1F, 0xF8, 0x11, 0x08, 0x11, 0x08, 0x1F, 0xF8, 0x11, 0x08, 0x11, 0x08, 0x1F, 0xF8, 0x00, 0x00, 0x45, 0x88, 0x24, 0xC4, 0x65, 0x26, 0x44, 0x14, 0x07, 0xF0, 0x00, 0x00, 0x00, 0x00 } },  /* 思 */
    { 0x6027, { 0x18, 0x20, 0x11, 0x20, 0x11, 0xA0, 0x15, 0x20, 0x55, 0xFC, 0x57, 0x20, 0x52, 0x20, 0x50, 0x20, 0x11, 0xFC, 0x10, 0x20, 0x10, 0x20, 0x10, 0x20, 0x10, 0x20, 0x13, 0xFE, 0x10, 0x00, 0x00, 0x00 } },  /* 性 */
    { 0x603B, { 0x08, 0x60, 0x1C, 0x70, 0x04, 0xC0, 0x1F, 0xF0, 0x10, 0x10, 0x10, 0x10, 0x10, 0x10, 0x1F, 0xF0, 0x00, 0x00, 0x01, 0x88, 0x24, 0xCC, 0x25, 0x26, 0x64, 0x34, 0x67, 0xE0, 0x01, 0x80, 0x00, 0x00 } },  /* 总 */
    { 0x6062, { 0x20, 0x80, 0x18, 0xC0, 0x10, 0x80, 0x13, 0xFC, 0x55, 0x80, 0x55, 0x20, 0x57, 0x24, 0x53, 0xA6, 0x92, 0xAC, 0x17, 0xA8, 0x14, 0x50, 0x1C, 0x50, 0x10, 0x98, 0x13, 0x0E, 0x16, 0x04, 0x00, 0x00 } },  /* 恢 */
    { 0x606F, { 0x03, 0x00, 0x02, 0x00, 0x1F, 0xF8, 0x10, 0x08, 0x1F, 0xF8, 0x10, 0x08, 0x1F, 0xF8, 0x10, 0x08, 0x1F, 0xF8, 0x00, 0x00, 0x0D, 0x88, 0x24, 0xEC, 0x64, 0x16, 0x47, 0xF0, 0x00, 0x00, 0x00, 0x00 } },  /* 息 */
    { 0x60A0, { 0x08, 0x60, 0x18, 0xC0, 0x14, 0xFE, 0x35, 0x88, 0x37, 0x90, 0x54, 0x70, 0x14, 0x60, 0x10, 0xF8, 0x13, 0x8E, 0x12, 0x00, 0x04, 0x88, 0x34, 0xC4, 0x24, 0x16, 0x67, 0xF2, 0x00, 0x00, 0x00, 0x00 } },  /* 悠 */
    { 0x6155, { 0x04, 0x40, 0x7F, 0xFC, 0x04, 0x40, 0x1F, 0xF8, 0x10, 0x08, 0x1F, 0xF8, 0x10, 0x08, 0x1F, 0xF8, 0x7F, 0xFE, 0x0C, 0x10, 0x19, 0x0C, 0x69, 0x56, 0x1D, 0xC8, 0x31, 0x2C, 0x07, 0x00, 0x00, 0x00 } },  /* 慕 */
    { 0x6210, { 0x00, 0xD0, 0x00, 0xD8, 0x00, 0x50, 0x1F, 0xFE, 0x10, 0x40, 0x10, 0x48, 0x1F, 0x4C, 0x11, 0x68, 0x11, 0x78, 0x13, 0x30, 0x1B, 0x30, 0x36, 0x72, 0x20, 0xCB, 0x63, 0x8E, 0x00, 0x04, 0x00, 0x00 } },  /* 成 */
    { 0x6211, { 0x00, 0xC0, 0x06, 0x58, 0x7E, 0x48, 0x48, 0x4C, 0x08, 0x40, 0x7F, 0xFE, 0x08, 0x48, 0x08, 0x4C, 0x0F, 0x48, 0x79, 0x50, 0x48, 0x30, 0x08, 0x74, 0x09, 0x92, 0x3B, 0x0E, 0x00, 0x04, 0x00, 0x00 } },  /* 我 */
    { 0x6216, { 0x00, 0x98, 0x00, 0x80, 0x7F, 0xFC, 0x00, 0x80, 0x00, 0x80, 0x3E, 0x98, 0x22, 0x90, 0x22, 0x90, 0x3E, 0x70, 0x22, 0x60, 0x0F, 0x20, 0xF8, 0x74, 0x80, 0x9E, 0x03, 0x0C, 0x00, 0x00, 0x00, 0x00 } },  /* 或 */
    { 0x622A, { 0x04, 0x20, 0x04, 0x2C, 0x3F, 0xA4, 0x04, 0x20, 0x7F, 0xFE, 0x12, 0x20, 0x3F, 0xE6, 0x62, 0x24, 0xFF, 0xAC, 0x22, 0x18, 0x3F, 0x98, 0x22, 0x1C, 0x3F, 0xBA, 0x20, 0x66, 0x20, 0x84, 0x00, 0x00 } },  /* 截 */
    { 0x6237, { 0x00, 0xC0, 0x00, 0xC0, 0x00, 0x00, 0x0F, 0xFC, 0x08, 0x04, 0x08, 0x04, 0x08, 0x04, 0x08, 0x04, 0x0F, 0xFC, 0x08, 0x04, 0x08, 0x00, 0x18, 0x00, 0x10, 0x00, 0x30, 0x00, 0x60, 0x00, 0x00, 0x00 } },  /* 户 */
    { 0x624B, { 0x00, 0x00, 0x00, 0x18, 0x3F, 0xFC, 0x00, 0x80, 0x00, 0x80, 0x1F, 0xF8, 0x00, 0x80, 0x00, 0x80, 0x7F, 0xFE, 0x00, 0x80, 0x00, 0x80, 0x00, 0x80, 0x00, 0x80, 0x03, 0x80, 0x03, 0x80, 0x00, 0x00 } },  /* 手 */
    { 0x6253, { 0x1C, 0x00, 0x08, 0x00, 0x09, 0xFE, 0x7F, 0x10, 0x08, 0x10, 0x08, 0x10, 0x08, 0x10, 0x0F, 0x10, 0x7C, 0x10, 0x68, 0x10, 0x08, 0x10, 0x08, 0x10, 0x08, 0x10, 0x78, 0xF0, 0x30, 0x60, 0x00, 0x00 } },  /* 打 */
    { 0x6267, { 0x10, 0x60, 0x10, 0x40, 0x10, 0x40, 0x10, 0x40, 0x7D, 0xF8, 0x10, 0x48, 0x10, 0x48, 0x1D, 0x48, 0x70, 0xC8, 0x50, 0xE8, 0x10, 0xB8, 0x11, 0x8A, 0x13, 0x0A, 0x76, 0x0E, 0x30, 0x00, 0x00, 0x00 } },  /* 执 */
    { 0x626B, { 0x08, 0x00, 0x08, 0x04, 0x08, 0xFC, 0x7E, 0x04, 0x08, 0x04, 0x08, 0x04, 0x0A, 0x04, 0x0E, 0xFC, 0x78, 0x04, 0x68, 0x04, 0x08, 0x04, 0x08, 0x04, 0x09, 0xFC, 0x38, 0x04, 0x30, 0x04, 0x00, 0x00 } },  /* 扫 */
    { 0x626C, { 0x18, 0x00, 0x11, 0xFC, 0x10, 0x18, 0x10, 0x30, 0x7C, 0x60, 0x10, 0xC0, 0x11, 0xFE, 0x1C, 0x5A, 0x78, 0x9A, 0x50, 0xB2, 0x11, 0x32, 0x17, 0x62, 0x10, 0x64, 0x71, 0xDC, 0x33, 0x0C, 0x00, 0x00 } },  /* 扬 */
    { 0x627E, { 0x1C, 0xC0, 0x08, 0xD8, 0x08, 0xCC, 0x08, 0xC0, 0x7E, 0xCE, 0x09, 0xF8, 0x0B, 0x50, 0x0C, 0x4C, 0x1C, 0x58, 0x78, 0x70, 0x48, 0x20, 0x08, 0x74, 0x08, 0xDA, 0x7B, 0x0E, 0x3A, 0x06, 0x00, 0x00 } },  /* 找 */
    { 0x628A, { 0x18, 0x00, 0x11, 0xFC, 0x11, 0x24, 0x11, 0x24, 0x7D, 0x24, 0x11, 0x24, 0x15, 0x24, 0x1D, 0xFC, 0x71, 0x04, 0x51, 0x00, 0x11, 0x00, 0x11, 0x02, 0x11, 0x06, 0x71, 0xFE, 0x00, 0x00, 0x00, 0x00 } },  /* 把 */
    { 0x62A5, { 0x08, 0x00, 0x08, 0xFC, 0x08, 0x84, 0x7E, 0x84, 0x08, 0xBC, 0x08, 0x80, 0x0A, 0xFC, 0x1E, 0xA4, 0x78, 0xA4, 0x48, 0xB8, 0x08, 0x98, 0x08, 0x98, 0x08, 0xBC, 0x78, 0xE6, 0x30, 0xC4, 0x00, 0x00 } },  /* 报 */
    { 0x62BD, { 0x10, 0x20, 0x10, 0x20, 0x10, 0x20, 0x11, 0xFE, 0x7D, 0x22, 0x11, 0x22, 0x11, 0x22, 0x1D, 0x22, 0x39, 0xFE, 0x71, 0x22, 0x11, 0x22, 0x11, 0x22, 0x11, 0xFE, 0x71, 0x02, 0x31, 0x02, 0x00, 0x00 } },  /* 抽 */
    { 0x62D2, { 0x18, 0x00, 0x09, 0xFE, 0x08, 0x80, 0x08, 0x80, 0x7E, 0x80, 0x08, 0xFC, 0x08, 0x84, 0x0C, 0x84, 0x7C, 0x84, 0x68, 0xFC, 0x08, 0x80, 0x08, 0x80, 0x08, 0x80, 0x7B, 0xFE, 0x38, 0x00, 0x00, 0x00 } },  /* 拒 */
    { 0x62E9, { 0x18, 0x00, 0x13, 0xFC, 0x11, 0x88, 0x7C, 0x98, 0x10, 0xF0, 0x10, 0x70, 0x1B, 0xDE, 0x7E, 0x22, 0x51, 0xFC, 0x10, 0x20, 0x10, 0x20, 0x13, 0xFE, 0x10, 0x20, 0x70, 0x20, 0x40, 0x20, 0x00, 0x00 } },  /* 择 */
    { 0x6301, { 0x10, 0x20, 0x10, 0x20, 0x10, 0x20, 0x11, 0xFC, 0x7C, 0x20, 0x10, 0x20, 0x11, 0xFE, 0x1C, 0x08, 0x38, 0x09, 0x73, 0xFF, 0x51, 0x88, 0x10, 0x88, 0x10, 0x88, 0x70, 0x38, 0x20, 0x18, 0x00, 0x00 } },  /* 持 */
    { 0x6302, { 0x18, 0x20, 0x10, 0x20, 0x11, 0xFC, 0x7C, 0x20, 0x10, 0x20, 0x10, 0x20, 0x11, 0xFE, 0x1C, 0x20, 0x7C, 0x20, 0x51, 0xFC, 0x10, 0x20, 0x10, 0x20, 0x10, 0x20, 0x73, 0xFE, 0x30, 0x00, 0x00, 0x00 } },  /* 挂 */
    { 0x6307, { 0x21, 0x00, 0x11, 0x0C, 0x11, 0x78, 0x11, 0xC0, 0x7D, 0x02, 0x11, 0xFE, 0x14, 0x00, 0x1D, 0xFC, 0x71, 0x04, 0x51, 0x04, 0x11, 0xFC, 0x11, 0x04, 0x11, 0xFC, 0x71, 0x04, 0x21, 0x00, 0x00, 0x00 } },  /* 指 */
    { 0x6309, { 0x10, 0x60, 0x10, 0x20, 0x10, 0x00, 0x13, 0xFE, 0x7E, 0x42, 0x12, 0x62, 0x10, 0x40, 0x1F, 0xFE, 0x38, 0x88, 0x70, 0x98, 0x51, 0xD0, 0x10, 0x70, 0x10, 0x7C, 0x73, 0xCE, 0x33, 0x02, 0x00, 0x00 } },  /* 按 */
    { 0x635F, { 0x10, 0x00, 0x10, 0xFC, 0x10, 0x84, 0x14, 0x84, 0x7C, 0xFC, 0x10, 0x00, 0x11, 0xFC, 0x1D, 0x04, 0x71, 0x24, 0x51, 0x24, 0x11, 0x64, 0x10, 0x40, 0x10, 0xD8, 0x73, 0x8E, 0x36, 0x02, 0x00, 0x00 } },  /* 损 */
    { 0x6362, { 0x10, 0x40, 0x10, 0xC0, 0x10, 0xF8, 0x11, 0x90, 0x7D, 0x10, 0x11, 0xFC, 0x11, 0x24, 0x15, 0x24, 0x19, 0x24, 0x73, 0xFE, 0x50, 0x60, 0x10, 0x50, 0x10, 0x98, 0x53, 0x8E, 0x36, 0x02, 0x00, 0x00 } },  /* 换 */
    { 0x636E, { 0x18, 0x00, 0x13, 0xFC, 0x12, 0x04, 0x12, 0x04, 0x7B, 0xFC, 0x12, 0x10, 0x12, 0x10, 0x1A, 0xFF, 0x72, 0x10, 0x52, 0xFC, 0x12, 0x84, 0x14, 0x84, 0x14, 0x84, 0x7C, 0xFC, 0x28, 0x84, 0x00, 0x00 } },  /* 据 */
    { 0x6389, { 0x10, 0x40, 0x10, 0x7E, 0x10, 0x40, 0x10, 0x40, 0x7D, 0xFC, 0x11, 0x04, 0x15, 0xFC, 0x1D, 0x04, 0x71, 0xFC, 0x50, 0x40, 0x10, 0x40, 0x17, 0xFE, 0x10, 0x40, 0x70, 0x40, 0x20, 0x40, 0x00, 0x00 } },  /* 掉 */
    { 0x63A5, { 0x20, 0x20, 0x10, 0x20, 0x13, 0xFE, 0x10, 0x80, 0x7C, 0x98, 0x10, 0xD0, 0x1F, 0x6E, 0x1C, 0x60, 0x73, 0xFE, 0x50, 0x98, 0x11, 0x90, 0x10, 0x70, 0x10, 0xF8, 0x77, 0x8E, 0x32, 0x04, 0x00, 0x00 } },  /* 接 */
    { 0x63CF, { 0x18, 0x90, 0x10, 0x90, 0x13, 0xFE, 0x10, 0x90, 0x7C, 0x90, 0x10, 0x00, 0x13, 0xFC, 0x1E, 0x24, 0x72, 0x24, 0x53, 0xFC, 0x12, 0x24, 0x12, 0x24, 0x12, 0x24, 0x73, 0xFC, 0x32, 0x04, 0x00, 0x00 } },  /* 描 */
    { 0x63D0, { 0x12, 0x04, 0x11, 0xFC, 0x11, 0x04, 0x11, 0xFC, 0x7D, 0x04, 0x11, 0xFC, 0x14, 0x00, 0x1D, 0xFE, 0x30, 0x20, 0x51, 0xA0, 0x11, 0x3C, 0x13, 0xA0, 0x76, 0xFE, 0x34, 0x1E, 0x00, 0x00, 0x00, 0x00 } },  /* 提 */
    { 0x63D2, { 0x10, 0x04, 0x10, 0x3C, 0x13, 0xE2, 0x18, 0x20, 0x73, 0xFE, 0x10, 0x20, 0x1B, 0x3C, 0x1A, 0xA4, 0x72, 0x24, 0x53, 0xBC, 0x12, 0x24, 0x12, 0x24, 0x13, 0xFC, 0x72, 0x04, 0x32, 0x00, 0x00, 0x00 } },  /* 插 */
    { 0x641C, { 0x10, 0x60, 0x11, 0x24, 0x13, 0xBC, 0x1E, 0x24, 0x77, 0xBC, 0x12, 0x24, 0x17, 0xBC, 0x1E, 0x20, 0x73, 0xFC, 0x51, 0x18, 0x11, 0xB0, 0x10, 0xF0, 0x10, 0x60, 0x73, 0xBE, 0x46, 0x0C, 0x00, 0x00 } },  /* 搜 */
    { 0x64AD, { 0x20, 0x18, 0x1B, 0xF4, 0x10, 0x4C, 0x11, 0x48, 0x7B, 0xFE, 0x10, 0xD0, 0x19, 0x58, 0x12, 0x06, 0x77, 0xFF, 0x5A, 0x44, 0x13, 0xFC, 0x12, 0x44, 0x12, 0x44, 0x73, 0xFC, 0x42, 0x04, 0x00, 0x00 } },  /* 播 */
    { 0x652F, { 0x00, 0x80, 0x00, 0x80, 0x00, 0x80, 0x3F, 0xFE, 0x00, 0x80, 0x00, 0x80, 0x0F, 0xF8, 0x04, 0x10, 0x04, 0x30, 0x02, 0x60, 0x01, 0xC0, 0x00, 0x80, 0x07, 0x70, 0x7E, 0x1E, 0x30, 0x02, 0x00, 0x00 } },  /* 支 */
    { 0x6539, { 0x00, 0x60, 0x00, 0x60, 0x3E, 0x40, 0x06, 0xFE, 0x06, 0x88, 0x07, 0x88, 0x3D, 0x88, 0x20, 0xC8, 0x20, 0x58, 0x20, 0x70, 0x24, 0x30, 0x2E, 0x30, 0x38, 0xFC, 0x63, 0x8E, 0x47, 0x02, 0x00, 0x00 } },  /* 改 */
    { 0x653E, { 0x08, 0x60, 0x18, 0x40, 0x14, 0x40, 0x7F, 0xFE, 0x10, 0x88, 0x11, 0x88, 0x1A, 0x08, 0x1E, 0xC8, 0x12, 0x58, 0x12, 0x50, 0x32, 0x50, 0x22, 0x20, 0x26, 0x78, 0x7E, 0xCE, 0x49, 0x84, 0x00, 0x00 } },  /* 放 */
    { 0x6545, { 0x0C, 0x60, 0x08, 0x40, 0x08, 0x40, 0x7F, 0xFE, 0x08, 0x88, 0x09, 0x88, 0x09, 0x08, 0x7C, 0xC8, 0x44, 0x50, 0x44, 0x50, 0x44, 0x70, 0x7C, 0x70, 0x44, 0xD8, 0x03, 0x8E, 0x07, 0x04, 0x00, 0x00 } },  /* 故 */
    { 0x6570, { 0x04, 0x30, 0x35, 0xB0, 0x35, 0x30, 0x3F, 0xBE, 0x0C, 0x64, 0x17, 0x44, 0x65, 0xE4, 0x0C, 0xAC, 0x3F, 0xA8, 0x11, 0x18, 0x1B, 0x18, 0x07, 0x38, 0x0F, 0xE6, 0x78, 0x82, 0x00, 0x00, 0x00, 0x00 } },  /* 数 */
    { 0x6574, { 0x08, 0x20, 0x08, 0x60, 0x7F, 0x7C, 0x3F, 0x48, 0x29, 0xD8, 0x3F, 0x30, 0x1A, 0x78, 0x2F, 0xC6, 0x40, 0x00, 0x1F, 0xF8, 0x09, 0x00, 0x09, 0xF8, 0x09, 0x00, 0x7F, 0xFC, 0x00, 0x00, 0x00, 0x00 } },  /* 整 */
    { 0x6587, { 0x00, 0x00, 0x01, 0x00, 0x01, 0x80, 0x01, 0x80, 0x7F, 0xFE, 0x08, 0x20, 0x08, 0x20, 0x0C, 0x60, 0x04, 0x60, 0x06, 0x40, 0x03, 0x80, 0x03, 0x80, 0x0E, 0xE0, 0x7C, 0x3E, 0x30, 0x0C, 0x00, 0x00 } },  /* 文 */
    { 0x65AD, { 0x08, 0x00, 0x45, 0x8C, 0x55, 0x72, 0x55, 0x40, 0x46, 0x40, 0x5F, 0x7E, 0x4C, 0x48, 0x4E, 0x48, 0x55, 0x48, 0x55, 0x48, 0x74, 0x48, 0x64, 0x48, 0x40, 0x88, 0x7F, 0x88, 0x01, 0x08, 0x00, 0x00 } },  /* 断 */
    { 0x65B0, { 0x08, 0x00, 0x0C, 0x06, 0x7F, 0x3E, 0x32, 0x20, 0x13, 0x20, 0x16, 0x20, 0x7F, 0x3E, 0x08, 0x28, 0x7F, 0x28, 0x18, 0x28, 0x1A, 0x28, 0x29, 0x48, 0x6A, 0x48, 0xC8, 0xC8, 0x09, 0x88, 0x00, 0x00 } },  /* 新 */
    { 0x65CB, { 0x18, 0x60, 0x08, 0x40, 0x14, 0x7F, 0x7E, 0x80, 0x11, 0x80, 0x11, 0x7F, 0x1E, 0x12, 0x14, 0xD2, 0x14, 0x9E, 0x34, 0x90, 0x24, 0x90, 0x25, 0xD0, 0x7D, 0xF0, 0x4B, 0x3F, 0x42, 0x06, 0x00, 0x00 } },  /* 旋 */
    { 0x65E0, { 0x00, 0x00, 0x1F, 0xF8, 0x01, 0x00, 0x01, 0x00, 0x01, 0x00, 0x01, 0x00, 0x3F, 0xFE, 0x01, 0x40, 0x03, 0x40, 0x02, 0x40, 0x06, 0x44, 0x0C, 0x46, 0x18, 0x46, 0x60, 0x7C, 0x00, 0x00, 0x00, 0x00 } },  /* 无 */
    { 0x65E5, { 0x00, 0x00, 0x1F, 0xF0, 0x10, 0x10, 0x10, 0x10, 0x10, 0x10, 0x10, 0x10, 0x10, 0x10, 0x1F, 0xF0, 0x10, 0x10, 0x10, 0x10, 0x10, 0x10, 0x10, 0x10, 0x1F, 0xF0, 0x10, 0x10, 0x00, 0x00, 0x00, 0x00 } },  /* 日 */
    { 0x65E7, { 0x00, 0x00, 0x24, 0x04, 0x23, 0xFC, 0x22, 0x04, 0x22, 0x04, 0x22, 0x04, 0x22, 0x04, 0x23, 0xFC, 0x22, 0x04, 0x22, 0x04, 0x22, 0x04, 0x22, 0x04, 0x23, 0xFC, 0x22, 0x04, 0x02, 0x00, 0x00, 0x00 } },  /* 旧 */
    { 0x65F6, { 0x00, 0x08, 0x00, 0x08, 0x7C, 0x08, 0x44, 0x08, 0x45, 0xFE, 0x44, 0x08, 0x7C, 0x88, 0x44, 0x88, 0x44, 0xC8, 0x44, 0x88, 0x44, 0x08, 0x7C, 0x08, 0x44, 0x08, 0x40, 0x78, 0x00, 0x38, 0x00, 0x00 } },  /* 时 */
    { 0x660E, { 0x00, 0x00, 0x3C, 0xFC, 0x24, 0x84, 0x24, 0x84, 0x24, 0x84, 0x3C, 0xFC, 0x24, 0x84, 0x24, 0x84, 0x24, 0xFC, 0x24, 0x84, 0x3C, 0x84, 0x25, 0x84, 0x21, 0x04, 0x03, 0x1C, 0x06, 0x00, 0x00, 0x00 } },  /* 明 */
    { 0x661F, { 0x00, 0x00, 0x1F, 0xF8, 0x10, 0x08, 0x1F, 0xF8, 0x10, 0x08, 0x1F, 0xF8, 0x00, 0x80, 0x0C, 0x80, 0x1F, 0xFC, 0x30, 0x80, 0x6F, 0xF8, 0x00, 0x80, 0x00, 0x80, 0x3F, 0xFE, 0x00, 0x00, 0x00, 0x00 } },  /* 星 */
    { 0x6625, { 0x01, 0x80, 0x01, 0x80, 0x3F, 0xFC, 0x01, 0x00, 0x3F, 0xF8, 0x02, 0x00, 0x7F, 0xFE, 0x0C, 0x30, 0x1F, 0xFE, 0x38, 0x16, 0xE8, 0x10, 0x0F, 0xF0, 0x08, 0x10, 0x0F, 0xF0, 0x08, 0x10, 0x00, 0x00 } },  /* 春 */
    { 0x662F, { 0x00, 0x00, 0x0F, 0xF0, 0x08, 0x10, 0x0F, 0xF0, 0x08, 0x10, 0x0F, 0xF0, 0x00, 0x00, 0x3F, 0xFE, 0x00, 0x80, 0x08, 0x80, 0x0C, 0xFC, 0x18, 0x80, 0x16, 0x80, 0x33, 0xFE, 0x60, 0x7E, 0x00, 0x00 } },  /* 是 */
    { 0x6653, { 0x00, 0xC0, 0x00, 0xCC, 0x78, 0xF8, 0x4B, 0xC8, 0x48, 0x5C, 0x48, 0x24, 0x79, 0xDE, 0x4B, 0x0C, 0x48, 0x00, 0x4B, 0xFC, 0x78, 0xA0, 0x48, 0xA0, 0x41, 0xA6, 0x0F, 0x3C, 0x04, 0x00, 0x00, 0x00 } },  /* 晓 */
    { 0x6674, { 0x00, 0x40, 0x00, 0x40, 0x7B, 0xFC, 0x48, 0x40, 0x4B, 0xF8, 0x48, 0x40, 0x7F, 0xFC, 0x49, 0xF8, 0x49, 0x08, 0x49, 0xF8, 0x49, 0x08, 0x79, 0xF8, 0x49, 0x08, 0x41, 0x38, 0x01, 0x00, 0x00, 0x00 } },  /* 晴 */
    { 0x667A, { 0x08, 0x00, 0x10, 0x00, 0x3F, 0xBC, 0x24, 0x24, 0x7F, 0xA4, 0x04, 0x24, 0x0B, 0x3C, 0x19, 0x80, 0x7F, 0xF8, 0x08, 0x08, 0x0F, 0xF8, 0x08, 0x08, 0x08, 0x08, 0x0F, 0xF8, 0x08, 0x08, 0x00, 0x00 } },  /* 智 */
    { 0x6682, { 0x18, 0x18, 0x7E, 0x78, 0x20, 0x44, 0x68, 0x40, 0x7F, 0x7C, 0x08, 0x50, 0x7F, 0x90, 0x48, 0x90, 0x00, 0x00, 0x1F, 0xF0, 0x10, 0x10, 0x1F, 0xF0, 0x10, 0x10, 0x1F, 0xF0, 0x10, 0x10, 0x00, 0x00 } },  /* 暂 */
    { 0x6697, { 0x00, 0x40, 0x00, 0x40, 0x7B, 0xFC, 0x48, 0xA0, 0x49, 0x98, 0x48, 0x30, 0x7F, 0xFE, 0x48, 0x00, 0x4B, 0xF8, 0x49, 0x08, 0x79, 0xF8, 0x49, 0x08, 0x41, 0x08, 0x01, 0xF8, 0x01, 0x08, 0x00, 0x00 } },  /* 暗 */
    { 0x66B4, { 0x00, 0x00, 0x1F, 0xF8, 0x10, 0x08, 0x1F, 0xF8, 0x10, 0xF8, 0x0F, 0x20, 0x3F, 0xFC, 0x04, 0x20, 0x7F, 0xFE, 0x0D, 0x30, 0x38, 0xAE, 0x65, 0xB0, 0x0E, 0xF0, 0x30, 0x8C, 0x03, 0x00, 0x00, 0x00 } },  /* 暴 */
    { 0x66F4, { 0x00, 0x00, 0x3F, 0xFE, 0x00, 0x80, 0x20, 0x88, 0x1F, 0xF8, 0x10, 0x88, 0x1F, 0xF8, 0x10, 0x88, 0x1F, 0xF8, 0x29, 0x88, 0x0D, 0x80, 0x07, 0x00, 0x03, 0x80, 0x7E, 0xFF, 0x30, 0x0E, 0x00, 0x00 } },  /* 更 */
    { 0x66FF, { 0x0A, 0x18, 0x04, 0x10, 0x3F, 0x7E, 0x04, 0x10, 0x7F, 0x7F, 0x0C, 0x28, 0x1B, 0x64, 0x32, 0xC3, 0x6F, 0xF8, 0x08, 0x08, 0x0F, 0xF8, 0x08, 0x08, 0x08, 0x08, 0x0F, 0xF8, 0x08, 0x08, 0x00, 0x00 } },  /* 替 */
    { 0x6700, { 0x00, 0x00, 0x1F, 0xF8, 0x10, 0x08, 0x1F, 0xF8, 0x1F, 0xF8, 0x00, 0x00, 0x7F, 0xFE, 0x11, 0x00, 0x1F, 0xFC, 0x11, 0x4C, 0x1F, 0x48, 0x11, 0x38, 0x7F, 0x30, 0x21, 0x7E, 0x01, 0xC4, 0x00, 0x00 } },  /* 最 */
    { 0x6708, { 0x00, 0x00, 0x07, 0xF8, 0x04, 0x08, 0x04, 0x08, 0x04, 0x08, 0x07, 0xF8, 0x04, 0x08, 0x04, 0x08, 0x07, 0xF8, 0x04, 0x08, 0x04, 0x08, 0x0C, 0x08, 0x08, 0x08, 0x18, 0x38, 0x30, 0x10, 0x00, 0x00 } },  /* 月 */
    { 0x6709, { 0x03, 0x80, 0x03, 0x00, 0x7F, 0xFE, 0x06, 0x00, 0x0C, 0x00, 0x0F, 0xF8, 0x18, 0x08, 0x3F, 0xF8, 0x68, 0x08, 0x48, 0x08, 0x0F, 0xF8, 0x08, 0x08, 0x08, 0x08, 0x08, 0x38, 0x00, 0x30, 0x00, 0x00 } },  /* 有 */
    { 0x670D, { 0x00, 0x00, 0x3E, 0xFC, 0x22, 0x8C, 0x22, 0x8C, 0x22, 0xB8, 0x3E, 0x98, 0x22, 0xFC, 0x22, 0xA4, 0x3E, 0xAC, 0x22, 0xA8, 0x22, 0xA8, 0x22, 0x90, 0x62, 0xBC, 0x4E, 0xE6, 0x4C, 0xC0, 0x00, 0x00 } },  /* 服 */
    { 0x671F, { 0x11, 0x84, 0x11, 0x7C, 0x3F, 0xA4, 0x11, 0x24, 0x11, 0x24, 0x1F, 0x3C, 0x11, 0x24, 0x1F, 0x24, 0x11, 0x24, 0x11, 0x3C, 0x3F, 0xA4, 0x12, 0x64, 0x19, 0x44, 0x20, 0xDC, 0x60, 0x8C, 0x00, 0x00 } },  /* 期 */
    { 0x672A, { 0x01, 0x00, 0x01, 0x00, 0x01, 0x00, 0x3F, 0xF8, 0x01, 0x00, 0x01, 0x00, 0x7F, 0xFC, 0x03, 0x80, 0x07, 0xC0, 0x05, 0x40, 0x0D, 0x60, 0x19, 0x38, 0x71, 0x1C, 0x61, 0x04, 0x01, 0x00, 0x00, 0x00 } },  /* 未 */
    { 0x672B, { 0x00, 0x80, 0x00, 0x80, 0x00, 0x80, 0x3F, 0xFE, 0x00, 0x80, 0x00, 0x80, 0x1F, 0xFC, 0x01, 0xC0, 0x03, 0xE0, 0x02, 0xA0, 0x06, 0xB0, 0x1C, 0x9C, 0x70, 0x8E, 0x20, 0x84, 0x00, 0x80, 0x00, 0x00 } },  /* 末 */
    { 0x672C, { 0x00, 0xC0, 0x00, 0x80, 0x00, 0x80, 0x3F, 0xFE, 0x01, 0xC0, 0x03, 0xE0, 0x02, 0xA0, 0x06, 0xB0, 0x04, 0x98, 0x0C, 0x8C, 0x18, 0x87, 0x37, 0xF2, 0x60, 0x80, 0x00, 0x80, 0x00, 0x80, 0x00, 0x00 } },  /* 本 */
    { 0x6751, { 0x18, 0x08, 0x08, 0x08, 0x08, 0x08, 0x08, 0x08, 0x7E, 0xFE, 0x18, 0x08, 0x1C, 0x08, 0x1E, 0xC8, 0x2A, 0x48, 0x68, 0x68, 0x48, 0x08, 0x48, 0x08, 0x08, 0x08, 0x08, 0x38, 0x08, 0x38, 0x00, 0x00 } },  /* 村 */
    { 0x675F, { 0x01, 0x80, 0x00, 0x80, 0x3F, 0xFE, 0x00, 0x80, 0x00, 0x80, 0x1F, 0xF8, 0x10, 0x88, 0x10, 0x88, 0x1F, 0xF8, 0x02, 0xC0, 0x06, 0xA0, 0x0C, 0xB0, 0x18, 0x9E, 0x70, 0x8C, 0x40, 0x80, 0x00, 0x00 } },  /* 束 */
    { 0x6761, { 0x06, 0x00, 0x04, 0x00, 0x0F, 0xFC, 0x14, 0x10, 0x62, 0x60, 0x01, 0xC0, 0x1E, 0x7E, 0x71, 0x06, 0x01, 0x00, 0x3F, 0xF8, 0x03, 0x80, 0x0D, 0x60, 0x19, 0x38, 0xF1, 0x1E, 0x41, 0x00, 0x00, 0x00 } },  /* 条 */
    { 0x6765, { 0x00, 0x80, 0x00, 0x80, 0x1F, 0xFE, 0x00, 0x80, 0x08, 0x98, 0x18, 0x90, 0x0C, 0xB0, 0x3F, 0xFE, 0x03, 0xC0, 0x02, 0xA0, 0x04, 0xB0, 0x0C, 0x98, 0x38, 0x8E, 0x60, 0x86, 0x00, 0x80, 0x00, 0x00 } },  /* 来 */
    { 0x677E, { 0x10, 0xB8, 0x10, 0xC8, 0x10, 0x88, 0x7D, 0x84, 0x11, 0x06, 0x33, 0x33, 0x34, 0x64, 0x36, 0x40, 0x50, 0x48, 0x50, 0xDC, 0x50, 0x84, 0x11, 0xFE, 0x13, 0x86, 0x10, 0x00, 0x00, 0x00, 0x00, 0x00 } },  /* 松 */
    { 0x6781, { 0x10, 0x00, 0x13, 0xF8, 0x10, 0x88, 0x10, 0x98, 0x7C, 0x90, 0x10, 0x9C, 0x30, 0x84, 0x3C, 0xE4, 0x34, 0xA8, 0x51, 0xA8, 0x51, 0x38, 0x13, 0x30, 0x12, 0x78, 0x16, 0xCE, 0x1D, 0x86, 0x00, 0x00 } },  /* 极 */
    { 0x6790, { 0x08, 0x04, 0x08, 0xFC, 0x08, 0x82, 0x08, 0x80, 0x7E, 0x80, 0x08, 0xFF, 0x1C, 0x88, 0x1E, 0x88, 0x3A, 0x88, 0x6C, 0x88, 0x68, 0x88, 0x49, 0x08, 0x0B, 0x08, 0x0B, 0x08, 0x08, 0x00, 0x00, 0x00 } },  /* 析 */
    { 0x679C, { 0x00, 0x00, 0x1F, 0xF8, 0x10, 0x88, 0x10, 0x88, 0x1F, 0xF8, 0x10, 0x88, 0x1F, 0xF8, 0x00, 0x80, 0x00, 0x80, 0x7F, 0xFE, 0x06, 0xC0, 0x0C, 0xA0, 0x38, 0x9E, 0x60, 0x8C, 0x00, 0x80, 0x00, 0x00 } },  /* 果 */
    { 0x67F3, { 0x10, 0x40, 0x11, 0xFE, 0x11, 0x12, 0x7D, 0x52, 0x11, 0x52, 0x31, 0x52, 0x39, 0x52, 0x35, 0x52, 0x59, 0x52, 0x51, 0xD2, 0x52, 0x52, 0x10, 0x96, 0x10, 0x90, 0x13, 0x10, 0x12, 0x10, 0x00, 0x00 } },  /* 柳 */
    { 0x6807, { 0x18, 0x00, 0x09, 0xFC, 0x08, 0x00, 0x08, 0x00, 0x7E, 0x00, 0x19, 0xFE, 0x18, 0x20, 0x3C, 0x20, 0x2D, 0xA8, 0x6F, 0x24, 0x49, 0x26, 0x09, 0x22, 0x0A, 0x20, 0x08, 0xE0, 0x08, 0x40, 0x00, 0x00 } },  /* 标 */
    { 0x6808, { 0x00, 0x40, 0x18, 0x58, 0x08, 0x48, 0x08, 0x4C, 0x7E, 0xF8, 0x19, 0xC0, 0x1C, 0x4E, 0x1C, 0x78, 0x3F, 0xE8, 0x68, 0x2C, 0x48, 0x10, 0x48, 0x34, 0x08, 0xDA, 0x0B, 0x0E, 0x08, 0x04, 0x00, 0x00 } },  /* 栈 */
    { 0x6821, { 0x10, 0x60, 0x10, 0x20, 0x13, 0xFE, 0x7C, 0x00, 0x10, 0x90, 0x30, 0xCC, 0x35, 0x86, 0x3F, 0x14, 0x76, 0x98, 0x50, 0xD0, 0x50, 0x70, 0x50, 0x60, 0x10, 0xF8, 0x13, 0x9E, 0x16, 0x04, 0x00, 0x00 } },  /* 校 */
    { 0x6837, { 0x18, 0x8C, 0x08, 0xCC, 0x08, 0x88, 0x09, 0xFE, 0x7E, 0x30, 0x18, 0x30, 0x1C, 0x30, 0x1D, 0xFE, 0x3A, 0x30, 0x68, 0x30, 0x69, 0xFF, 0x48, 0x30, 0x08, 0x30, 0x08, 0x30, 0x08, 0x30, 0x00, 0x00 } },  /* 样 */
    { 0x6838, { 0x10, 0x20, 0x10, 0x30, 0x13, 0xFE, 0x7C, 0x60, 0x10, 0x40, 0x30, 0x88, 0x31, 0x9C, 0x3B, 0xF0, 0x7C, 0x26, 0x58, 0xCC, 0x51, 0x98, 0x17, 0x38, 0x10, 0x6C, 0x13, 0xC6, 0x13, 0x04, 0x00, 0x00 } },  /* 核 */
    { 0x683C, { 0x10, 0x40, 0x10, 0xE0, 0x10, 0xFE, 0x7D, 0x84, 0x11, 0x48, 0x13, 0x38, 0x34, 0x30, 0x36, 0xFC, 0x77, 0x86, 0x50, 0xFC, 0xD0, 0x84, 0x90, 0x84, 0x10, 0xFC, 0x10, 0x84, 0x10, 0x80, 0x00, 0x00 } },  /* 格 */
    { 0x68C0, { 0x10, 0x40, 0x10, 0x60, 0x10, 0xE0, 0x7C, 0x90, 0x11, 0x0C, 0x33, 0xF6, 0x36, 0x02, 0x3C, 0x50, 0x75, 0x6C, 0x51, 0x28, 0xD1, 0x28, 0x10, 0x98, 0x10, 0x10, 0x17, 0xFE, 0x10, 0x00, 0x00, 0x00 } },  /* 检 */
    { 0x697C, { 0x10, 0x28, 0x11, 0x2C, 0x10, 0xA8, 0x7F, 0xFE, 0x10, 0x70, 0x10, 0xAC, 0x33, 0x22, 0x3A, 0x40, 0x54, 0x60, 0x53, 0xFE, 0x10, 0x88, 0x11, 0xD0, 0x10, 0x30, 0x11, 0xEE, 0x17, 0x02, 0x00, 0x00 } },  /* 楼 */
    { 0x69FD, { 0x21, 0x20, 0x21, 0x20, 0x2F, 0xFC, 0x21, 0x20, 0xF7, 0xFC, 0x2D, 0x24, 0x77, 0xFC, 0x75, 0x24, 0xBF, 0xFC, 0xA7, 0xF8, 0xA4, 0x08, 0x27, 0xF8, 0x24, 0x08, 0x27, 0xF8, 0x24, 0x08, 0x00, 0x00 } },  /* 槽 */
    { 0x6A21, { 0x10, 0x90, 0x10, 0x90, 0x13, 0xFE, 0x10, 0x90, 0x7D, 0xFC, 0x11, 0x04, 0x39, 0xFC, 0x35, 0x04, 0x75, 0xFC, 0xD0, 0x40, 0x93, 0xFE, 0x10, 0xE0, 0x11, 0x90, 0x17, 0x1E, 0x16, 0x04, 0x00, 0x00 } },  /* 模 */
    { 0x6B21, { 0x01, 0x80, 0x01, 0x80, 0x61, 0x00, 0x33, 0xFE, 0x12, 0x04, 0x2E, 0xCC, 0x04, 0x48, 0x10, 0x40, 0x18, 0xC0, 0x10, 0xC0, 0x30, 0xA0, 0x21, 0xB0, 0x63, 0x18, 0x4E, 0x0E, 0x1C, 0x04, 0x00, 0x00 } },  /* 次 */
    { 0x6B32, { 0x00, 0x30, 0x32, 0x20, 0x23, 0x20, 0x71, 0xFE, 0xD8, 0x46, 0x1C, 0x44, 0x32, 0xD0, 0x21, 0x90, 0x7F, 0x30, 0xA2, 0x30, 0x22, 0x38, 0x22, 0x68, 0x3E, 0x6E, 0x22, 0xC6, 0x00, 0x82, 0x00, 0x00 } },  /* 欲 */
    { 0x6B47, { 0x00, 0x30, 0x3F, 0x20, 0x21, 0x20, 0x3F, 0x7E, 0x21, 0x42, 0x3F, 0xD6, 0x10, 0x90, 0x3F, 0x90, 0x44, 0x90, 0x48, 0xB0, 0x2D, 0x38, 0x3B, 0x2C, 0x21, 0x66, 0x39, 0xC2, 0x03, 0x80, 0x00, 0x00 } },  /* 歇 */
    { 0x6B62, { 0x00, 0x00, 0x01, 0xC0, 0x00, 0x80, 0x00, 0x80, 0x18, 0x80, 0x08, 0xFC, 0x08, 0x80, 0x08, 0x80, 0x08, 0x80, 0x08, 0x80, 0x08, 0x80, 0x08, 0x80, 0x08, 0x80, 0x7F, 0xFE, 0x00, 0x00, 0x00, 0x00 } },  /* 止 */
    { 0x6B63, { 0x00, 0x00, 0x10, 0x0C, 0x1F, 0xFC, 0x00, 0x80, 0x00, 0x80, 0x18, 0x80, 0x08, 0xF8, 0x08, 0x80, 0x08, 0x80, 0x08, 0x80, 0x08, 0x80, 0x08, 0x80, 0x7F, 0xFE, 0x40, 0x02, 0x00, 0x00, 0x00, 0x00 } },  /* 正 */
    { 0x6B64, { 0x04, 0x70, 0x04, 0x20, 0x04, 0x20, 0x24, 0x24, 0x24, 0x26, 0x27, 0x2C, 0x24, 0x30, 0x24, 0x20, 0x24, 0x20, 0x24, 0x20, 0x24, 0x20, 0x27, 0x22, 0x7C, 0x23, 0x40, 0x3E, 0x00, 0x00, 0x00, 0x00 } },  /* 此 */
    { 0x6B65, { 0x01, 0x00, 0x09, 0x00, 0x09, 0xF8, 0x09, 0x00, 0x09, 0x00, 0x7F, 0xFC, 0x02, 0x00, 0x01, 0x00, 0x0D, 0x0C, 0x19, 0x18, 0x35, 0x30, 0x23, 0x60, 0x00, 0xC0, 0x1F, 0x00, 0x38, 0x00, 0x00, 0x00 } },  /* 步 */
    { 0x6B66, { 0x00, 0x40, 0x00, 0x50, 0x3F, 0x48, 0x00, 0x4C, 0x7F, 0xFC, 0x04, 0x40, 0x04, 0x40, 0x24, 0x40, 0x27, 0xE0, 0x24, 0x20, 0x24, 0x20, 0x24, 0xB6, 0x3F, 0x9E, 0x78, 0x0C, 0x40, 0x00, 0x00, 0x00 } },  /* 武 */
    { 0x6BB5, { 0x00, 0x00, 0x0C, 0xF0, 0x30, 0x90, 0x20, 0x90, 0x3C, 0x9C, 0x21, 0x1C, 0x23, 0x00, 0x3D, 0xFC, 0x20, 0x98, 0x20, 0x98, 0x24, 0x70, 0x3C, 0x60, 0x60, 0xF0, 0x23, 0x9E, 0x26, 0x04, 0x00, 0x00 } },  /* 段 */
    { 0x6BD4, { 0x00, 0x80, 0x20, 0x80, 0x20, 0x80, 0x20, 0x88, 0x20, 0x9C, 0x3E, 0xB0, 0x20, 0xC0, 0x20, 0x80, 0x20, 0x80, 0x20, 0x80, 0x20, 0x80, 0x26, 0x84, 0x3C, 0x8C, 0x70, 0xF8, 0x40, 0x00, 0x00, 0x00 } },  /* 比 */
    { 0x6C11, { 0x00, 0x00, 0x3F, 0xF0, 0x20, 0x10, 0x20, 0x10, 0x3F, 0xF0, 0x21, 0x00, 0x21, 0x00, 0x21, 0x00, 0x3F, 0xF8, 0x21, 0x80, 0x20, 0x80, 0x24, 0xC8, 0x3C, 0x64, 0x70, 0x3C, 0x20, 0x08, 0x00, 0x00 } },  /* 民 */
    { 0x6C14, { 0x08, 0x00, 0x0C, 0x00, 0x1F, 0xFC, 0x30, 0x00, 0x6F, 0xF8, 0x40, 0x00, 0x00, 0x00, 0x3F, 0xF0, 0x00, 0x10, 0x00, 0x10, 0x00, 0x10, 0x00, 0x1C, 0x00, 0x0A, 0x00, 0x0E, 0x00, 0x06, 0x00, 0x00 } },  /* 气 */
    { 0x6C34, { 0x00, 0xC0, 0x00, 0x80, 0x00, 0x80, 0x00, 0x84, 0x7E, 0x8E, 0x64, 0xD8, 0x04, 0xE0, 0x04, 0xA0, 0x0C, 0xB0, 0x08, 0x98, 0x10, 0x9C, 0x70, 0x8E, 0x40, 0x84, 0x03, 0x80, 0x01, 0x80, 0x00, 0x00 } },  /* 水 */
    { 0x6C42, { 0x01, 0x10, 0x01, 0x38, 0x01, 0x00, 0x7F, 0xFC, 0x01, 0x00, 0x11, 0x18, 0x39, 0x34, 0x0D, 0x60, 0x05, 0x40, 0x07, 0x60, 0x19, 0x18, 0x71, 0x0C, 0x41, 0x08, 0x07, 0x00, 0x03, 0x00, 0x00, 0x00 } },  /* 求 */
    { 0x6C60, { 0x00, 0x60, 0x30, 0x40, 0x1B, 0x40, 0x12, 0x58, 0x42, 0x78, 0x73, 0xC8, 0x1E, 0x48, 0x02, 0x48, 0x12, 0x78, 0x32, 0x50, 0x32, 0x48, 0x22, 0x06, 0x62, 0x0C, 0x23, 0xF8, 0x00, 0x00, 0x00, 0x00 } },  /* 池 */
    { 0x6C99, { 0x00, 0x40, 0x30, 0x40, 0x58, 0x40, 0x02, 0x58, 0x43, 0x4C, 0x72, 0x46, 0x16, 0x44, 0x04, 0x50, 0x2C, 0x4C, 0x31, 0xD8, 0x20, 0x90, 0x20, 0x30, 0x60, 0xE0, 0x67, 0x80, 0x0E, 0x00, 0x00, 0x00 } },  /* 沙 */
    { 0x6CA7, { 0x00, 0x60, 0x30, 0xE0, 0x38, 0xB0, 0x11, 0x98, 0x41, 0x0C, 0x63, 0x07, 0x37, 0xFA, 0x01, 0x18, 0x11, 0x18, 0x19, 0x78, 0x11, 0x20, 0x21, 0x04, 0x21, 0x0C, 0x61, 0xFC, 0x00, 0x00, 0x00, 0x00 } },  /* 沧 */
    { 0x6CB3, { 0x20, 0x00, 0x77, 0xFE, 0x18, 0x08, 0x00, 0x08, 0x03, 0xC8, 0x62, 0x48, 0x32, 0x48, 0x12, 0x48, 0x22, 0x48, 0x13, 0xC8, 0x32, 0x48, 0x32, 0x08, 0x20, 0x08, 0x60, 0x38, 0x40, 0x38, 0x00, 0x00 } },  /* 河 */
    { 0x6CC9, { 0x03, 0x00, 0x02, 0x00, 0x1F, 0xF8, 0x10, 0x08, 0x1F, 0xF8, 0x10, 0x08, 0x1F, 0xF8, 0x20, 0x88, 0x00, 0x88, 0x7E, 0xDC, 0x04, 0xE0, 0x08, 0xA0, 0x18, 0x9C, 0x63, 0x8E, 0x03, 0x80, 0x00, 0x00 } },  /* 泉 */
    { 0x6CD5, { 0x00, 0x60, 0x30, 0x40, 0x18, 0x40, 0x13, 0xFC, 0x00, 0x40, 0x60, 0x40, 0x30, 0x40, 0x07, 0xFE, 0x20, 0x80, 0x10, 0xC0, 0x10, 0x90, 0x31, 0x18, 0x23, 0x1C, 0x67, 0xF4, 0x24, 0x06, 0x00, 0x00 } },  /* 法 */
    { 0x6CE8, { 0x00, 0x40, 0x30, 0x60, 0x18, 0x00, 0x07, 0xFC, 0x20, 0x40, 0x70, 0x40, 0x10, 0x40, 0x03, 0xF8, 0x18, 0x40, 0x10, 0x40, 0x10, 0x40, 0x30, 0x40, 0x20, 0x40, 0x67, 0xFC, 0x00, 0x00, 0x00, 0x00 } },  /* 注 */
    { 0x6D41, { 0x00, 0x40, 0x30, 0x60, 0x1F, 0xFE, 0x00, 0xC0, 0x41, 0x98, 0x73, 0x3C, 0x17, 0xE6, 0x00, 0x00, 0x21, 0x48, 0x31, 0x48, 0x31, 0x48, 0x23, 0x48, 0x63, 0x4A, 0x2E, 0x4E, 0x04, 0x00, 0x00, 0x00 } },  /* 流 */
    { 0x6D4B, { 0x00, 0x02, 0x37, 0xE2, 0x14, 0x52, 0x04, 0x52, 0x45, 0x52, 0x75, 0x52, 0x15, 0x52, 0x05, 0x52, 0x05, 0x52, 0x15, 0x52, 0x31, 0x82, 0x22, 0xC2, 0x22, 0x62, 0x6C, 0x5E, 0x24, 0x0C, 0x00, 0x00 } },  /* 测 */
    { 0x6D4E, { 0x20, 0xC0, 0x30, 0x40, 0x1F, 0xFC, 0x00, 0x10, 0x63, 0x30, 0x31, 0xE0, 0x21, 0xF0, 0x0F, 0x1E, 0x21, 0x10, 0x11, 0x10, 0x31, 0x10, 0x21, 0x10, 0x62, 0x10, 0x66, 0x10, 0x4C, 0x10, 0x00, 0x00 } },  /* 济 */
    { 0x6D53, { 0x00, 0x60, 0x20, 0x40, 0x1F, 0xFC, 0x14, 0xC4, 0x44, 0x84, 0x70, 0x80, 0x11, 0x48, 0x03, 0x2C, 0x17, 0x30, 0x3D, 0x20, 0x39, 0x10, 0x21, 0x58, 0x21, 0xCE, 0x61, 0x84, 0x03, 0x00, 0x00, 0x00 } },  /* 浓 */
    { 0x6D6A, { 0x00, 0x40, 0x30, 0x60, 0x1B, 0xFC, 0x0A, 0x04, 0x42, 0x04, 0x73, 0xFC, 0x12, 0x04, 0x03, 0xFC, 0x12, 0x40, 0x12, 0x66, 0x32, 0x2C, 0x32, 0xB0, 0x23, 0x9C, 0x63, 0x06, 0x24, 0x00, 0x00, 0x00 } },  /* 浪 */
    { 0x6D6E, { 0x00, 0x0C, 0x37, 0xFC, 0x18, 0x08, 0x12, 0x4C, 0x42, 0x48, 0x73, 0x30, 0x13, 0xFC, 0x00, 0x18, 0x20, 0x30, 0x10, 0x20, 0x37, 0xFE, 0x20, 0x20, 0x20, 0x20, 0x60, 0xE0, 0x20, 0x60, 0x00, 0x00 } },  /* 浮 */
    { 0x6D77, { 0x21, 0x80, 0x31, 0x00, 0x1B, 0xFE, 0x06, 0x00, 0x47, 0xFC, 0x7B, 0x0C, 0x12, 0x6C, 0x02, 0x0C, 0x2F, 0xFE, 0x12, 0x48, 0x32, 0x48, 0x22, 0xA8, 0x63, 0xFE, 0x64, 0x08, 0x40, 0x38, 0x00, 0x00 } },  /* 海 */
    { 0x6D88, { 0x00, 0x60, 0x32, 0x46, 0x1B, 0x4C, 0x11, 0x48, 0x00, 0x50, 0x23, 0xFC, 0x72, 0x04, 0x12, 0x04, 0x03, 0xFC, 0x1A, 0x04, 0x13, 0xFC, 0x12, 0x04, 0x32, 0x04, 0x22, 0x1C, 0x62, 0x0C, 0x00, 0x00 } },  /* 消 */
    { 0x6DAF, { 0x33, 0xFE, 0x1A, 0x00, 0x12, 0x20, 0x42, 0xFC, 0x72, 0x20, 0x22, 0x20, 0x03, 0xFC, 0x22, 0x00, 0x12, 0x20, 0x32, 0xFC, 0x24, 0x20, 0x64, 0x20, 0x2D, 0xFE, 0x00, 0x00, 0x00, 0x00, 0x00, 0x00 } },  /* 涯 */
    { 0x6DFB, { 0x20, 0x00, 0x77, 0xF8, 0x18, 0x80, 0x00, 0x80, 0x4F, 0xFC, 0x61, 0x20, 0x33, 0x30, 0x06, 0x9E, 0x0C, 0x84, 0x32, 0xA8, 0x23, 0xAC, 0x26, 0xB4, 0x64, 0x96, 0x62, 0x80, 0x21, 0x80, 0x00, 0x00 } },  /* 添 */
    { 0x6E05, { 0x00, 0x40, 0x37, 0xFC, 0x18, 0x40, 0x10, 0x40, 0x43, 0xFC, 0x60, 0x40, 0x17, 0xFE, 0x03, 0xF8, 0x12, 0x08, 0x13, 0xF8, 0x32, 0x08, 0x23, 0xF8, 0x22, 0x08, 0x62, 0x38, 0x20, 0x18, 0x00, 0x00 } },  /* 清 */
    { 0x6E29, { 0x00, 0x00, 0x23, 0xFC, 0x3A, 0x08, 0x13, 0xF8, 0x42, 0x08, 0x72, 0x08, 0x23, 0xF8, 0x00, 0x00, 0x37, 0xFC, 0x24, 0xA4, 0x24, 0xA4, 0x64, 0xA4, 0x64, 0xA4, 0x4F, 0xFE, 0x00, 0x00, 0x00, 0x00 } },  /* 温 */
    { 0x6E7F, { 0x23, 0xFC, 0x32, 0x04, 0x1A, 0x04, 0x43, 0xFC, 0x62, 0x04, 0x33, 0xFC, 0x00, 0x90, 0x04, 0x96, 0x16, 0x94, 0x32, 0x94, 0x20, 0x90, 0x20, 0x90, 0x67, 0xFE, 0x20, 0x00, 0x00, 0x00, 0x00, 0x00 } },  /* 湿 */
    { 0x6E90, { 0x20, 0x00, 0x3F, 0xFC, 0x14, 0x20, 0x04, 0x20, 0x44, 0xFC, 0x74, 0x84, 0x14, 0xFC, 0x04, 0x84, 0x24, 0xFC, 0x34, 0x20, 0x24, 0x28, 0x29, 0xAC, 0x6B, 0x26, 0x7E, 0x20, 0x40, 0x60, 0x00, 0x00 } },  /* 源 */
    { 0x6EE1, { 0x01, 0x10, 0x31, 0x10, 0x1F, 0xFE, 0x01, 0x10, 0x40, 0x00, 0x77, 0xFE, 0x10, 0x90, 0x07, 0xFC, 0x25, 0x14, 0x35, 0x14, 0x25, 0xB4, 0x25, 0x3C, 0x66, 0x64, 0x64, 0x04, 0x20, 0x0C, 0x00, 0x00 } },  /* 满 */
    { 0x706B, { 0x00, 0x00, 0x01, 0x80, 0x01, 0x80, 0x01, 0x08, 0x11, 0x0C, 0x11, 0x08, 0x11, 0x98, 0x11, 0xB0, 0x31, 0x80, 0x03, 0xC0, 0x02, 0x40, 0x06, 0x60, 0x1C, 0x38, 0x38, 0x1E, 0x60, 0x04, 0x00, 0x00 } },  /* 火 */
    { 0x70B9, { 0x03, 0x80, 0x01, 0x00, 0x01, 0xFC, 0x01, 0x00, 0x01, 0x00, 0x1F, 0xF8, 0x10, 0x08, 0x10, 0x08, 0x10, 0x08, 0x1F, 0xF8, 0x00, 0x00, 0x22, 0x4C, 0x36, 0x44, 0x22, 0x66, 0x60, 0x00, 0x00, 0x00 } },  /* 点 */
    { 0x70E7, { 0x10, 0xC0, 0x10, 0xCE, 0x11, 0xF0, 0x17, 0x44, 0x5C, 0x78, 0x58, 0x32, 0x53, 0xDE, 0x52, 0x0E, 0x10, 0x00, 0x1B, 0xFE, 0x3C, 0x90, 0x24, 0x92, 0x61, 0x93, 0x47, 0x1E, 0x86, 0x00, 0x00, 0x00 } },  /* 烧 */
    { 0x70ED, { 0x08, 0x60, 0x08, 0x40, 0x7D, 0xF8, 0x0A, 0x48, 0x08, 0x48, 0x1D, 0x48, 0x78, 0xC8, 0x08, 0xEA, 0x09, 0x0E, 0x36, 0x06, 0x00, 0x00, 0x24, 0xCC, 0x64, 0x44, 0x46, 0x66, 0x00, 0x00, 0x00, 0x00 } },  /* 热 */
    { 0x7136, { 0x0C, 0x20, 0x08, 0x28, 0x1F, 0x2C, 0x13, 0x28, 0x2B, 0xFC, 0x2E, 0x20, 0x52, 0x20, 0x0E, 0x50, 0x0C, 0x58, 0x19, 0x8E, 0x33, 0x04, 0x02, 0x4C, 0x16, 0x44, 0x22, 0x66, 0x60, 0x00, 0x00, 0x00 } },  /* 然 */
    { 0x7167, { 0x00, 0x00, 0x3E, 0xFC, 0x22, 0x24, 0x22, 0x44, 0x22, 0x44, 0x3F, 0x9C, 0x22, 0xFC, 0x22, 0x84, 0x3E, 0x84, 0x22, 0xFC, 0x00, 0x84, 0x02, 0x4C, 0x36, 0x44, 0x22, 0x66, 0x60, 0x00, 0x00, 0x00 } },  /* 照 */
    { 0x7236, { 0x00, 0x00, 0x04, 0x20, 0x0E, 0x70, 0x18, 0x1C, 0x30, 0x4E, 0x64, 0x34, 0x04, 0x60, 0x06, 0x60, 0x03, 0xC0, 0x01, 0x80, 0x03, 0xC0, 0x0E, 0x70, 0x38, 0x1E, 0x60, 0x04, 0x00, 0x00, 0x00, 0x00 } },  /* 父 */
    { 0x7269, { 0x08, 0x40, 0x08, 0xC0, 0x28, 0x80, 0x29, 0xFE, 0x3D, 0x5A, 0x2B, 0x52, 0x68, 0x52, 0x0A, 0xD6, 0x0E, 0x96, 0x79, 0xB6, 0x4B, 0x24, 0x08, 0x64, 0x08, 0xC4, 0x09, 0x9C, 0x08, 0x00, 0x00, 0x00 } },  /* 物 */
    { 0x7279, { 0x08, 0x20, 0x08, 0x20, 0x29, 0xFC, 0x28, 0x20, 0x3E, 0x20, 0x69, 0xFE, 0x48, 0x08, 0x0A, 0x08, 0x3F, 0xFE, 0x78, 0x08, 0x49, 0x88, 0x08, 0x88, 0x09, 0x48, 0x08, 0x78, 0x08, 0x30, 0x00, 0x00 } },  /* 特 */
    { 0x72B6, { 0x08, 0x30, 0x08, 0x2C, 0x48, 0x2C, 0x68, 0x28, 0x38, 0x20, 0x29, 0xFE, 0x08, 0x20, 0x18, 0x20, 0x38, 0x20, 0x28, 0x30, 0x68, 0x50, 0x48, 0xD8, 0x08, 0x8C, 0x0B, 0x86, 0x09, 0x04, 0x00, 0x00 } },  /* 状 */
    { 0x72C2, { 0x00, 0x00, 0x24, 0x00, 0x3F, 0xFC, 0x18, 0x20, 0x38, 0x20, 0x6C, 0x20, 0x0C, 0x20, 0x0D, 0xFC, 0x14, 0x20, 0x24, 0x20, 0x44, 0x20, 0x04, 0x20, 0x0C, 0x20, 0x39, 0xFE, 0x30, 0x00, 0x00, 0x00 } },  /* 狂 */
    { 0x732B, { 0x00, 0x88, 0x24, 0x88, 0x6B, 0xFF, 0x10, 0x88, 0x30, 0x88, 0x48, 0x00, 0x09, 0xFE, 0x19, 0x24, 0x29, 0x24, 0x69, 0xFC, 0x49, 0x24, 0x09, 0x24, 0x09, 0x24, 0x79, 0xFC, 0x31, 0x04, 0x00, 0x00 } },  /* 猫 */
    { 0x73AF, { 0x00, 0x00, 0x7D, 0xFE, 0x10, 0x20, 0x10, 0x20, 0x10, 0x60, 0x7C, 0x60, 0x10, 0x68, 0x10, 0xF8, 0x10, 0xE4, 0x15, 0xA6, 0x3F, 0x22, 0xF7, 0x20, 0x82, 0x20, 0x00, 0x20, 0x00, 0x20, 0x00, 0x00 } },  /* 环 */
    { 0x7406, { 0x00, 0x00, 0x01, 0xFC, 0x7D, 0x24, 0x11, 0x24, 0x11, 0xFC, 0x11, 0x24, 0x7D, 0x24, 0x11, 0xFC, 0x10, 0x20, 0x10, 0x20, 0x15, 0xFC, 0x3C, 0x20, 0x70, 0x20, 0x47, 0xFE, 0x00, 0x00, 0x00, 0x00 } },  /* 理 */
    { 0x751F, { 0x00, 0x00, 0x00, 0x80, 0x0C, 0x80, 0x08, 0x80, 0x18, 0x80, 0x1F, 0xFC, 0x30, 0x80, 0x60, 0x80, 0x00, 0x80, 0x0F, 0xF8, 0x00, 0x80, 0x00, 0x80, 0x00, 0x80, 0x00, 0x80, 0x3F, 0xFC, 0x00, 0x00 } },  /* 生 */
    { 0x7528, { 0x00, 0x00, 0x0F, 0xFC, 0x08, 0x84, 0x08, 0x84, 0x08, 0x84, 0x0F, 0xFC, 0x08, 0x84, 0x08, 0x84, 0x0F, 0xFC, 0x08, 0x84, 0x08, 0x84, 0x08, 0x84, 0x10, 0x84, 0x10, 0x1C, 0x30, 0x00, 0x00, 0x00 } },  /* 用 */
    { 0x7535, { 0x03, 0x00, 0x02, 0x00, 0x02, 0x10, 0x3F, 0xF0, 0x22, 0x10, 0x22, 0x10, 0x3F, 0xF0, 0x22, 0x10, 0x22, 0x10, 0x3F, 0xF0, 0x22, 0x10, 0x22, 0x08, 0x02, 0x04, 0x03, 0xFC, 0x00, 0x00, 0x00, 0x00 } },  /* 电 */
    { 0x753B, { 0x00, 0x00, 0x3F, 0xFC, 0x00, 0x00, 0x00, 0x00, 0x0F, 0xE0, 0x39, 0x26, 0x29, 0x24, 0x2F, 0xE4, 0x29, 0x24, 0x29, 0x24, 0x2F, 0xE4, 0x20, 0x04, 0x20, 0x04, 0x3F, 0xFC, 0x20, 0x04, 0x00, 0x00 } },  /* 画 */
    { 0x7559, { 0x06, 0x00, 0x1F, 0x7E, 0x12, 0x26, 0x13, 0x26, 0x17, 0x26, 0x38, 0x5C, 0x20, 0x90, 0x0F, 0xFC, 0x08, 0x84, 0x08, 0x84, 0x0F, 0xFC, 0x08, 0x84, 0x08, 0x84, 0x0F, 0xFC, 0x08, 0x04, 0x00, 0x00 } },  /* 留 */
    { 0x7591, { 0x48, 0xFC, 0x7C, 0x08, 0x48, 0xD0, 0x7E, 0x30, 0x60, 0x00, 0x7D, 0xFE, 0x50, 0x24, 0x91, 0x28, 0xFD, 0x3C, 0x31, 0x20, 0x31, 0x20, 0x69, 0xA0, 0xC6, 0x7C, 0x80, 0x00, 0x00, 0x00, 0x00, 0x00 } },  /* 疑 */
    { 0x767D, { 0x03, 0x00, 0x02, 0x00, 0x02, 0x00, 0x1F, 0xF8, 0x10, 0x08, 0x10, 0x08, 0x10, 0x08, 0x1F, 0xF8, 0x10, 0x08, 0x10, 0x08, 0x10, 0x08, 0x10, 0x08, 0x1F, 0xF8, 0x10, 0x08, 0x00, 0x00, 0x00, 0x00 } },  /* 白 */
    { 0x7684, { 0x08, 0x60, 0x08, 0x60, 0x08, 0x40, 0x3E, 0x7E, 0x22, 0xC4, 0x22, 0x84, 0x23, 0x84, 0x3E, 0x44, 0x22, 0x64, 0x22, 0x24, 0x22, 0x04, 0x3E, 0x04, 0x22, 0x04, 0x20, 0x3C, 0x00, 0x18, 0x00, 0x00 } },  /* 的 */
    { 0x76D1, { 0x00, 0x00, 0x02, 0x20, 0x12, 0x60, 0x12, 0x62, 0x12, 0x7E, 0x12, 0xE0, 0x12, 0x90, 0x13, 0x88, 0x02, 0x14, 0x00, 0x00, 0x1F, 0xF8, 0x12, 0x48, 0x12, 0x48, 0x12, 0x48, 0x7F, 0xFE, 0x00, 0x00 } },  /* 监 */
    { 0x76D8, { 0x00, 0x00, 0x03, 0x00, 0x0F, 0xF8, 0x08, 0x08, 0x09, 0x88, 0x08, 0xC8, 0x7F, 0xFE, 0x0A, 0x08, 0x19, 0x88, 0x30, 0x38, 0x1F, 0xF8, 0x12, 0x48, 0x12, 0x48, 0x12, 0x48, 0x7F, 0xFE, 0x00, 0x00 } },  /* 盘 */
    { 0x76EE, { 0x00, 0x00, 0x1F, 0xF0, 0x10, 0x10, 0x10, 0x10, 0x10, 0x10, 0x1F, 0xF0, 0x10, 0x10, 0x10, 0x10, 0x1F, 0xF0, 0x10, 0x10, 0x10, 0x10, 0x10, 0x10, 0x1F, 0xF0, 0x10, 0x10, 0x00, 0x00, 0x00, 0x00 } },  /* 目 */
    { 0x76F4, { 0x01, 0x00, 0x01, 0x00, 0x7F, 0xFC, 0x01, 0x00, 0x0F, 0xF8, 0x08, 0x08, 0x0F, 0xF8, 0x08, 0x08, 0x08, 0x08, 0x0F, 0xF8, 0x08, 0x08, 0x0F, 0xF8, 0x08, 0x08, 0x7F, 0xFF, 0x00, 0x00, 0x00, 0x00 } },  /* 直 */
    { 0x76F8, { 0x08, 0x00, 0x08, 0xFE, 0x08, 0x82, 0x3E, 0x82, 0x08, 0x82, 0x08, 0xFE, 0x1C, 0x82, 0x1E, 0x82, 0x3A, 0xFE, 0x28, 0x82, 0x28, 0x82, 0x08, 0x82, 0x08, 0xFE, 0x08, 0x82, 0x08, 0x80, 0x00, 0x00 } },  /* 相 */
    { 0x770B, { 0x00, 0x0C, 0x3F, 0xFC, 0x01, 0x00, 0x1F, 0xF8, 0x03, 0x00, 0x3F, 0xFE, 0x06, 0x00, 0x07, 0xF8, 0x0C, 0x08, 0x37, 0xF8, 0x64, 0x08, 0x07, 0xF8, 0x04, 0x08, 0x07, 0xF8, 0x04, 0x08, 0x00, 0x00 } },  /* 看 */
    { 0x7720, { 0x00, 0x00, 0x0D, 0xFC, 0x79, 0x04, 0x49, 0x04, 0x49, 0xFC, 0x79, 0x24, 0x49, 0x20, 0x49, 0x20, 0x79, 0xFC, 0x49, 0x20, 0x49, 0x10, 0x79, 0x54, 0x49, 0xDE, 0x01, 0x8E, 0x03, 0x00, 0x00, 0x00 } },  /* 眠 */
    { 0x77E5, { 0x10, 0x00, 0x18, 0x00, 0x10, 0x7C, 0x3F, 0xA4, 0x24, 0x24, 0x64, 0x24, 0x04, 0x24, 0x3F, 0xA4, 0x04, 0x24, 0x04, 0x24, 0x0E, 0x24, 0x0B, 0x3C, 0x19, 0xA4, 0x31, 0x24, 0x60, 0x00, 0x00, 0x00 } },  /* 知 */
    { 0x77ED, { 0x30, 0x00, 0x31, 0xFE, 0x20, 0x00, 0x3E, 0x00, 0x68, 0xFC, 0x08, 0x84, 0x08, 0x84, 0x7E, 0xFC, 0x08, 0x00, 0x08, 0x8C, 0x16, 0x48, 0x12, 0x48, 0x20, 0x10, 0x63, 0xFE, 0x00, 0x00, 0x00, 0x00 } },  /* 短 */
    { 0x77F3, { 0x00, 0x00, 0x20, 0x02, 0x3F, 0xFE, 0x01, 0x00, 0x02, 0x00, 0x02, 0x00, 0x07, 0xF8, 0x0C, 0x08, 0x1C, 0x08, 0x74, 0x08, 0x24, 0x08, 0x04, 0x08, 0x07, 0xF8, 0x04, 0x08, 0x00, 0x00, 0x00, 0x00 } },  /* 石 */
    { 0x7801, { 0x3F, 0xFC, 0x08, 0x04, 0x08, 0x04, 0x18, 0x64, 0x10, 0x44, 0x3E, 0x4C, 0x32, 0x4C, 0x72, 0x7E, 0x12, 0x02, 0x12, 0x02, 0x1E, 0xFA, 0x12, 0x02, 0x10, 0x16, 0x00, 0x0C, 0x00, 0x00, 0x00, 0x00 } },  /* 码 */
    { 0x7834, { 0x00, 0x10, 0x00, 0x10, 0x7E, 0xFE, 0x10, 0x92, 0x10, 0x92, 0x30, 0x94, 0x3C, 0xFC, 0x64, 0xE4, 0xE4, 0xA4, 0x24, 0xA4, 0x24, 0xA8, 0x3D, 0x18, 0x25, 0x38, 0x23, 0x6F, 0x06, 0xC2, 0x00, 0x00 } },  /* 破 */
    { 0x786E, { 0x00, 0x20, 0x00, 0x60, 0x3F, 0x7C, 0x08, 0x88, 0x09, 0xFE, 0x16, 0x92, 0x1C, 0x92, 0x34, 0xFE, 0x34, 0x92, 0x54, 0x92, 0x14, 0xFE, 0x1C, 0x82, 0x15, 0x82, 0x13, 0x0A, 0x06, 0x06, 0x00, 0x00 } },  /* 确 */
    { 0x7981, { 0x08, 0x10, 0x08, 0x10, 0x7F, 0x7E, 0x18, 0x38, 0x1A, 0x64, 0x6A, 0xD6, 0x49, 0x13, 0x00, 0x00, 0x1F, 0xF8, 0x00, 0x00, 0x3F, 0xFE, 0x0C, 0xB0, 0x38, 0x9C, 0x60, 0x84, 0x07, 0x80, 0x00, 0x00 } },  /* 禁 */
    { 0x79BB, { 0x01, 0x80, 0x00, 0x80, 0x7F, 0xFE, 0x02, 0x20, 0x15, 0xD8, 0x17, 0x28, 0x1F, 0xF8, 0x01, 0x00, 0x11, 0x00, 0x3F, 0xFC, 0x11, 0x24, 0x11, 0x64, 0x17, 0xD4, 0x10, 0x1C, 0x10, 0x0C, 0x00, 0x00 } },  /* 离 */
    { 0x79C1, { 0x06, 0x10, 0x7F, 0x18, 0x48, 0x10, 0x08, 0x30, 0x08, 0x30, 0x7F, 0x20, 0x08, 0x20, 0x1A, 0x28, 0x1E, 0x4C, 0x2B, 0x44, 0x68, 0x44, 0x48, 0xCE, 0x09, 0xFE, 0x09, 0x04, 0x08, 0x00, 0x00, 0x00 } },  /* 私 */
    { 0x79D2, { 0x06, 0x20, 0x7E, 0x20, 0x08, 0x20, 0x08, 0xA8, 0x7F, 0xAC, 0x09, 0x26, 0x1D, 0x22, 0x1F, 0x24, 0x2A, 0x26, 0x2B, 0xEC, 0x48, 0x08, 0x48, 0x18, 0x08, 0x30, 0x09, 0xC0, 0x03, 0x00, 0x00, 0x00 } },  /* 秒 */
    { 0x79EF, { 0x06, 0x00, 0x1E, 0xFC, 0x78, 0x84, 0x08, 0x84, 0x08, 0x84, 0x7E, 0x84, 0x08, 0x84, 0x1C, 0xFC, 0x1E, 0x00, 0x2A, 0x00, 0x68, 0x58, 0x48, 0x8C, 0x09, 0x86, 0x09, 0x06, 0x0A, 0x00, 0x00, 0x00 } },  /* 积 */
    { 0x79F0, { 0x00, 0xC0, 0x0E, 0xC0, 0x78, 0x80, 0x08, 0xFC, 0x08, 0x84, 0x7F, 0x2C, 0x19, 0x20, 0x1C, 0x20, 0x3C, 0xAC, 0x2F, 0x24, 0x69, 0x26, 0xC9, 0x22, 0x0A, 0x24, 0x08, 0xE0, 0x08, 0x60, 0x00, 0x00 } },  /* 称 */
    { 0x79FB, { 0x00, 0x20, 0x06, 0x60, 0x7C, 0x7E, 0x08, 0x84, 0x09, 0x4C, 0x7E, 0x38, 0x18, 0x60, 0x1D, 0xB0, 0x3E, 0x3F, 0x2C, 0x42, 0x69, 0xA6, 0x48, 0x3C, 0x08, 0x18, 0x08, 0xF0, 0x0B, 0xC0, 0x00, 0x00 } },  /* 移 */
    { 0x7A0D, { 0x04, 0x20, 0x0F, 0xA4, 0x78, 0xA6, 0x08, 0xE8, 0x08, 0x20, 0x7E, 0xFC, 0x18, 0x84, 0x1C, 0x84, 0x1E, 0xFC, 0x2A, 0x84, 0x68, 0xFC, 0x48, 0x84, 0x48, 0x84, 0x08, 0x84, 0x08, 0x1C, 0x00, 0x00 } },  /* 稍 */
    { 0x7A77, { 0x01, 0x80, 0x01, 0x80, 0x3F, 0xFC, 0x20, 0x04, 0x26, 0x64, 0x0D, 0x30, 0x19, 0x9C, 0x31, 0x08, 0x3F, 0xF8, 0x03, 0x08, 0x03, 0x08, 0x06, 0x18, 0x0C, 0x18, 0x38, 0x78, 0x60, 0x20, 0x00, 0x00 } },  /* 穷 */
    { 0x7A7A, { 0x00, 0x00, 0x01, 0x80, 0x01, 0x80, 0x3F, 0xFC, 0x22, 0x44, 0x26, 0x44, 0x0C, 0x40, 0x70, 0x78, 0x20, 0x00, 0x1F, 0xF0, 0x01, 0x00, 0x01, 0x00, 0x01, 0x00, 0x01, 0x00, 0x7F, 0xFC, 0x00, 0x00 } },  /* 空 */
    { 0x7A97, { 0x03, 0x00, 0x01, 0x00, 0x7F, 0xFC, 0x44, 0x44, 0x7A, 0x78, 0x43, 0x00, 0x3F, 0xF8, 0x22, 0x08, 0x27, 0xE8, 0x2E, 0x48, 0x23, 0x88, 0x23, 0xC8, 0x2C, 0x48, 0x3F, 0xF8, 0x20, 0x08, 0x00, 0x00 } },  /* 窗 */
    { 0x7AEF, { 0x00, 0x20, 0x31, 0x24, 0x11, 0x24, 0x09, 0x24, 0x7D, 0xFC, 0x00, 0x00, 0x6D, 0xFC, 0x28, 0x20, 0x29, 0xFC, 0x29, 0x54, 0x09, 0x54, 0x1D, 0x54, 0x79, 0x54, 0x41, 0x04, 0x00, 0x0C, 0x00, 0x00 } },  /* 端 */
    { 0x7B26, { 0x10, 0x10, 0x0C, 0x39, 0x1F, 0xBF, 0x34, 0x48, 0x66, 0xC8, 0x0C, 0x08, 0x08, 0x08, 0x1B, 0xFF, 0x18, 0x08, 0x28, 0x88, 0x49, 0xC8, 0x08, 0x48, 0x08, 0x08, 0x08, 0x38, 0x08, 0x10, 0x00, 0x00 } },  /* 符 */
    { 0x7B49, { 0x08, 0x30, 0x0C, 0x20, 0x1F, 0x7F, 0x32, 0xC8, 0x60, 0x84, 0x0F, 0xF8, 0x00, 0x80, 0x00, 0x80, 0x3F, 0xFE, 0x00, 0x10, 0x1F, 0xFE, 0x00, 0x10, 0x06, 0x10, 0x02, 0x90, 0x00, 0x70, 0x00, 0x00 } },  /* 等 */
    { 0x7B54, { 0x00, 0x20, 0x08, 0x70, 0x1F, 0x7E, 0x34, 0xD0, 0x66, 0x98, 0x01, 0xC0, 0x02, 0x60, 0x0C, 0x38, 0x3B, 0xEE, 0x60, 0x00, 0x0F, 0xF0, 0x08, 0x10, 0x08, 0x10, 0x0F, 0xF0, 0x08, 0x10, 0x00, 0x00 } },  /* 答 */
    { 0x7B80, { 0x08, 0x30, 0x0C, 0x20, 0x1F, 0xBE, 0x12, 0x48, 0x22, 0xC8, 0x09, 0xFC, 0x0C, 0x04, 0x10, 0x04, 0x13, 0xE4, 0x12, 0x24, 0x13, 0xE4, 0x12, 0x24, 0x13, 0xE4, 0x10, 0x04, 0x10, 0x1C, 0x00, 0x00 } },  /* 简 */
    { 0x7B97, { 0x18, 0x60, 0x10, 0x42, 0x3F, 0xFE, 0x64, 0x98, 0x1F, 0xF8, 0x10, 0x08, 0x1F, 0xF8, 0x1F, 0xF8, 0x10, 0x08, 0x1F, 0xF8, 0x04, 0x20, 0x7F, 0xFE, 0x0C, 0x20, 0x18, 0x20, 0x70, 0x20, 0x00, 0x00 } },  /* 算 */
    { 0x7BA1, { 0x0C, 0x60, 0x1E, 0x7C, 0x34, 0x90, 0x24, 0x10, 0x01, 0x00, 0x7F, 0xFC, 0x40, 0x04, 0x5F, 0xF4, 0x08, 0x10, 0x0F, 0xF0, 0x08, 0x00, 0x0F, 0xF0, 0x08, 0x10, 0x0F, 0xF0, 0x08, 0x10, 0x00, 0x00 } },  /* 管 */
    { 0x7BB1, { 0x10, 0x20, 0x18, 0x60, 0x3F, 0x7E, 0x24, 0x50, 0x44, 0x98, 0x08, 0xFC, 0x08, 0x84, 0x7E, 0xFC, 0x18, 0x84, 0x1E, 0x84, 0x2A, 0xFC, 0x68, 0x84, 0x48, 0xFC, 0x08, 0x84, 0x08, 0x84, 0x00, 0x00 } },  /* 箱 */
    { 0x7BF1, { 0x00, 0x60, 0x1D, 0x7E, 0x1F, 0xFE, 0x64, 0x98, 0x09, 0x80, 0x7F, 0xFE, 0x16, 0xC8, 0x13, 0xC8, 0x1F, 0xF8, 0x01, 0x00, 0x7F, 0xFC, 0x21, 0x44, 0x21, 0xE4, 0x2E, 0x24, 0x00, 0x1C, 0x00, 0x00 } },  /* 篱 */
    { 0x7CBE, { 0x08, 0x20, 0x0B, 0xFC, 0x4A, 0x20, 0x2A, 0xFC, 0x08, 0x20, 0x3F, 0xFE, 0x08, 0x00, 0x1C, 0xFC, 0x1C, 0x84, 0x2E, 0xFC, 0x68, 0x84, 0x48, 0xFC, 0x08, 0x84, 0x08, 0x84, 0x08, 0x0C, 0x00, 0x00 } },  /* 精 */
    { 0x7CFB, { 0x00, 0x18, 0x3F, 0xFC, 0x21, 0x00, 0x03, 0x90, 0x04, 0x78, 0x1F, 0xC0, 0x01, 0x90, 0x03, 0x38, 0x1F, 0xFE, 0x18, 0x84, 0x08, 0x90, 0x1C, 0xB8, 0x30, 0x8E, 0x60, 0x84, 0x00, 0x80, 0x00, 0x00 } },  /* 系 */
    { 0x7D22, { 0x00, 0x80, 0x00, 0x80, 0x1F, 0xFC, 0x00, 0x80, 0x3F, 0xFE, 0x21, 0x82, 0x26, 0x32, 0x1F, 0xE0, 0x01, 0x90, 0x07, 0x08, 0x3F, 0xFC, 0x08, 0x90, 0x1C, 0x98, 0x70, 0x86, 0x00, 0x84, 0x00, 0x00 } },  /* 索 */
    { 0x7D2F, { 0x00, 0x00, 0x1F, 0xFC, 0x10, 0x84, 0x1F, 0xFC, 0x10, 0x84, 0x1F, 0xFC, 0x03, 0x00, 0x06, 0xB8, 0x1F, 0xE0, 0x07, 0x18, 0x3F, 0xFC, 0x28, 0x82, 0x0C, 0xB8, 0x30, 0x8E, 0x40, 0x80, 0x00, 0x00 } },  /* 累 */
    { 0x7EA7, { 0x10, 0x00, 0x1B, 0xF8, 0x10, 0x88, 0x24, 0x98, 0x66, 0x90, 0x7C, 0x9C, 0x08, 0x84, 0x10, 0xC4, 0x24, 0xC8, 0x7D, 0xA8, 0x01, 0x28, 0x05, 0x10, 0x7F, 0x38, 0x46, 0xCE, 0x03, 0x84, 0x00, 0x00 } },  /* 级 */
    { 0x7EBF, { 0x0C, 0x40, 0x08, 0x58, 0x10, 0x48, 0x12, 0x4E, 0x27, 0xF0, 0x7D, 0x40, 0x08, 0x5E, 0x19, 0xF0, 0x32, 0x64, 0x3E, 0x28, 0x00, 0x30, 0x04, 0x74, 0x78, 0xDB, 0x43, 0x8E, 0x00, 0x04, 0x00, 0x00 } },  /* 线 */
    { 0x7EC4, { 0x00, 0x00, 0x10, 0x00, 0x19, 0xFC, 0x11, 0x04, 0x27, 0x04, 0x65, 0x04, 0x79, 0xFC, 0x09, 0x04, 0x11, 0x04, 0x31, 0x04, 0x7D, 0xFC, 0x01, 0x04, 0x05, 0x04, 0x7D, 0x04, 0x43, 0xFE, 0x00, 0x00 } },  /* 组 */
    { 0x7EC8, { 0x10, 0x40, 0x18, 0x60, 0x14, 0xFC, 0x26, 0x88, 0x65, 0x58, 0x7B, 0x70, 0x08, 0x30, 0x10, 0xDC, 0x27, 0x86, 0x3C, 0x60, 0x00, 0x18, 0x0C, 0x80, 0x79, 0xE0, 0x00, 0x38, 0x00, 0x08, 0x00, 0x00 } },  /* 终 */
    { 0x7ECF, { 0x00, 0x00, 0x10, 0x00, 0x19, 0xFC, 0x30, 0x18, 0x24, 0x30, 0x26, 0x70, 0x7C, 0xCC, 0x09, 0x86, 0x13, 0x04, 0x30, 0x00, 0x7D, 0xFC, 0x00, 0x20, 0x04, 0x20, 0x7C, 0x20, 0x63, 0xFE, 0x00, 0x00 } },  /* 经 */
    { 0x7ED3, { 0x10, 0x20, 0x18, 0x20, 0x10, 0x20, 0x31, 0xFE, 0x26, 0x20, 0x7C, 0x20, 0x49, 0xFC, 0x18, 0x00, 0x10, 0x00, 0x6F, 0xFC, 0x39, 0x04, 0x01, 0x04, 0x7F, 0xFC, 0x71, 0x04, 0x01, 0x00, 0x00, 0x00 } },  /* 结 */
    { 0x7ED5, { 0x18, 0xC0, 0x10, 0x44, 0x30, 0xF8, 0x25, 0xC4, 0x4C, 0x7A, 0x78, 0x72, 0x13, 0xDE, 0x12, 0x06, 0x3F, 0xFE, 0x70, 0x90, 0x00, 0x90, 0x0C, 0x94, 0x79, 0x93, 0x47, 0x1E, 0x02, 0x00, 0x00, 0x00 } },  /* 绕 */
    { 0x7ED9, { 0x10, 0x60, 0x18, 0x60, 0x30, 0xE0, 0x26, 0x90, 0x6D, 0x08, 0x7B, 0x0E, 0x56, 0xFC, 0x14, 0x00, 0x7D, 0xF8, 0x71, 0x08, 0x01, 0x08, 0x05, 0x08, 0x79, 0xF8, 0x41, 0x08, 0x01, 0x00, 0x00, 0x00 } },  /* 给 */
    { 0x7EDC, { 0x18, 0x80, 0x10, 0xC0, 0x31, 0xF8, 0x25, 0x88, 0x67, 0xD0, 0x7A, 0x60, 0x18, 0xF0, 0x11, 0x9E, 0x33, 0x0C, 0x7D, 0xF8, 0x01, 0x08, 0x01, 0x08, 0x7D, 0xF8, 0x61, 0x08, 0x01, 0x00, 0x00, 0x00 } },  /* 络 */
    { 0x7EDD, { 0x10, 0x40, 0x18, 0xE0, 0x10, 0xFC, 0x31, 0x90, 0x27, 0x30, 0x7D, 0xFC, 0x09, 0x24, 0x11, 0x24, 0x31, 0x24, 0x7D, 0xFC, 0x41, 0x04, 0x01, 0x04, 0x7D, 0x06, 0x41, 0xFC, 0x00, 0x00, 0x00, 0x00 } },  /* 绝 */
    { 0x7EDF, { 0x10, 0x40, 0x18, 0x60, 0x33, 0xFC, 0x26, 0x60, 0x2C, 0xC0, 0x78, 0x98, 0x19, 0x0C, 0x13, 0xF6, 0x20, 0x90, 0x7C, 0x90, 0x00, 0x90, 0x05, 0x90, 0x7D, 0x12, 0x46, 0x1E, 0x02, 0x00, 0x00, 0x00 } },  /* 统 */
    { 0x7EE7, { 0x20, 0x10, 0x1C, 0x16, 0x32, 0x94, 0x2A, 0x54, 0x6E, 0x58, 0x7A, 0x10, 0x1A, 0xFE, 0x12, 0x30, 0x22, 0x5C, 0x7A, 0x56, 0x02, 0x94, 0x0E, 0x10, 0x7E, 0x00, 0x43, 0xFE, 0x00, 0x00, 0x00, 0x00 } },  /* 继 */
    { 0x7EEA, { 0x10, 0x40, 0x18, 0x44, 0x31, 0xF6, 0x2C, 0x4C, 0x4C, 0x58, 0x7B, 0xFE, 0x10, 0x60, 0x10, 0x40, 0x21, 0xFC, 0x7F, 0x04, 0x41, 0xFC, 0x01, 0x04, 0x7D, 0x04, 0x61, 0xFC, 0x01, 0x04, 0x00, 0x00 } },  /* 绪 */
    { 0x7EED, { 0x10, 0x20, 0x18, 0x20, 0x11, 0xFC, 0x24, 0x20, 0x27, 0xFE, 0x79, 0x04, 0x08, 0xFC, 0x11, 0x60, 0x23, 0xA0, 0x7C, 0xA0, 0x43, 0xFE, 0x00, 0x20, 0x7C, 0x58, 0x61, 0x8C, 0x03, 0x06, 0x00, 0x00 } },  /* 续 */
    { 0x7F13, { 0x00, 0x0C, 0x1B, 0xFE, 0x10, 0x28, 0x25, 0x6C, 0x27, 0x88, 0x7B, 0xFC, 0x18, 0x40, 0x13, 0xFE, 0x28, 0x80, 0x78, 0xFC, 0x01, 0xC8, 0x0D, 0x58, 0x72, 0x30, 0x44, 0x7E, 0x09, 0x84, 0x00, 0x00 } },  /* 缓 */
    { 0x7F16, { 0x18, 0x20, 0x18, 0x20, 0x11, 0xFC, 0x25, 0x04, 0x27, 0xFC, 0x7D, 0x00, 0x49, 0x00, 0x11, 0xFC, 0x31, 0x2C, 0x7F, 0x2C, 0x23, 0xFC, 0x07, 0x2C, 0x3D, 0x2C, 0x61, 0x24, 0x01, 0x04, 0x00, 0x00 } },  /* 编 */
    { 0x7F51, { 0x00, 0x00, 0x3F, 0xFC, 0x20, 0x04, 0x22, 0x04, 0x29, 0x14, 0x3A, 0xB4, 0x26, 0x64, 0x26, 0x64, 0x26, 0x64, 0x26, 0x64, 0x2B, 0xB4, 0x38, 0x94, 0x21, 0x04, 0x20, 0x2C, 0x00, 0x1C, 0x00, 0x00 } },  /* 网 */
    { 0x7F6E, { 0x00, 0x00, 0x3F, 0xFC, 0x22, 0x44, 0x3F, 0xFC, 0x00, 0x80, 0x7F, 0xFE, 0x00, 0x80, 0x0F, 0xF8, 0x0F, 0xF8, 0x08, 0x08, 0x0F, 0xF8, 0x0F, 0xF8, 0x08, 0x08, 0x7F, 0xFF, 0x00, 0x00, 0x00, 0x00 } },  /* 置 */
    { 0x8003, { 0x01, 0x00, 0x01, 0x08, 0x1F, 0xCC, 0x01, 0x10, 0x01, 0x20, 0x3F, 0xFE, 0x01, 0x80, 0x03, 0x7C, 0x0D, 0x80, 0x31, 0x00, 0x63, 0xF8, 0x00, 0x18, 0x00, 0x10, 0x00, 0xF0, 0x00, 0xE0, 0x00, 0x00 } },  /* 考 */
    { 0x8046, { 0x00, 0x60, 0x7E, 0x60, 0x24, 0x50, 0x24, 0x98, 0x3C, 0xAC, 0x25, 0x26, 0x27, 0x34, 0x3C, 0x00, 0x25, 0xFC, 0x24, 0x18, 0x3C, 0x90, 0x7C, 0xE0, 0x44, 0x30, 0x04, 0x10, 0x04, 0x00, 0x00, 0x00 } },  /* 聆 */
    { 0x8054, { 0x00, 0x4C, 0x7E, 0xD8, 0x24, 0x50, 0x25, 0xFC, 0x3C, 0x20, 0x24, 0x20, 0x24, 0x20, 0x3D, 0xFE, 0x24, 0x20, 0x24, 0x20, 0x3C, 0x70, 0x3C, 0x58, 0x64, 0xCC, 0x05, 0x86, 0x07, 0x00, 0x00, 0x00 } },  /* 联 */
    { 0x80FD, { 0x00, 0x00, 0x08, 0x40, 0x18, 0x48, 0x16, 0x5C, 0x32, 0x60, 0x7F, 0x44, 0x00, 0x44, 0x3E, 0x7C, 0x22, 0x40, 0x3E, 0x4C, 0x22, 0x70, 0x22, 0x40, 0x3E, 0x40, 0x22, 0x44, 0x26, 0x7C, 0x00, 0x00 } },  /* 能 */
    { 0x81EA, { 0x03, 0x00, 0x02, 0x00, 0x1F, 0xF8, 0x10, 0x08, 0x10, 0x08, 0x10, 0x08, 0x1F, 0xF8, 0x10, 0x08, 0x10, 0x08, 0x1F, 0xF8, 0x10, 0x08, 0x10, 0x08, 0x1F, 0xF8, 0x10, 0x08, 0x10, 0x00, 0x00, 0x00 } },  /* 自 */
    { 0x81F3, { 0x00, 0x00, 0x20, 0x04, 0x3F, 0xFC, 0x01, 0x00, 0x02, 0x30, 0x04, 0x18, 0x1F, 0xFC, 0x00, 0x88, 0x00, 0x80, 0x1F, 0xF8, 0x00, 0x80, 0x00, 0x80, 0x00, 0x80, 0x3F, 0xFE, 0x00, 0x00, 0x00, 0x00 } },  /* 至 */
    { 0x8282, { 0x04, 0x20, 0x04, 0x20, 0x7F, 0xFE, 0x04, 0x20, 0x04, 0x20, 0x00, 0x00, 0x3F, 0xF8, 0x02, 0x08, 0x02, 0x08, 0x02, 0x08, 0x02, 0x08, 0x02, 0x38, 0x02, 0x30, 0x02, 0x00, 0x02, 0x00, 0x00, 0x00 } },  /* 节 */
    { 0x82B1, { 0x04, 0x40, 0x04, 0x40, 0x7F, 0xFC, 0x04, 0x40, 0x00, 0x00, 0x04, 0x80, 0x0C, 0x88, 0x18, 0x9C, 0x38, 0xB0, 0x68, 0xE0, 0x08, 0xC0, 0x08, 0x88, 0x08, 0x86, 0x08, 0xFC, 0x08, 0x00, 0x00, 0x00 } },  /* 花 */
    { 0x82E5, { 0x04, 0x20, 0x04, 0x20, 0x7F, 0xFE, 0x04, 0x20, 0x01, 0xA0, 0x01, 0x00, 0x7F, 0xFE, 0x02, 0x00, 0x04, 0x00, 0x0F, 0xF8, 0x3C, 0x08, 0x64, 0x08, 0x07, 0xF8, 0x04, 0x08, 0x04, 0x00, 0x00, 0x00 } },  /* 若 */
    { 0x8303, { 0x00, 0x00, 0x04, 0x40, 0x04, 0x40, 0x7F, 0xFC, 0x04, 0x40, 0x14, 0x40, 0x39, 0xF8, 0x09, 0x08, 0x61, 0x08, 0x31, 0x08, 0x09, 0x70, 0x0D, 0x00, 0x11, 0x04, 0x21, 0x06, 0x61, 0xFC, 0x00, 0x00 } },  /* 范 */
    { 0x83B7, { 0x00, 0x00, 0x04, 0x40, 0x7F, 0xFC, 0x04, 0x40, 0x24, 0x88, 0x1E, 0x4C, 0x18, 0x40, 0x67, 0xFC, 0x4C, 0x40, 0x14, 0x40, 0x34, 0xE0, 0x64, 0xB0, 0x05, 0x98, 0x3F, 0x0C, 0x12, 0x04, 0x00, 0x00 } },  /* 获 */
    { 0x83CA, { 0x02, 0x20, 0x02, 0x20, 0x3F, 0xFE, 0x02, 0x20, 0x08, 0x00, 0x1F, 0xFC, 0x29, 0x44, 0x49, 0x64, 0x05, 0x44, 0x1F, 0xF4, 0x03, 0x84, 0x05, 0x64, 0x19, 0x24, 0x31, 0x0C, 0x01, 0x18, 0x00, 0x00 } },  /* 菊 */
    { 0x843D, { 0x04, 0x60, 0x04, 0x20, 0x7F, 0xFE, 0x05, 0x80, 0x33, 0xFC, 0x1B, 0x18, 0x45, 0xB0, 0x7C, 0xE0, 0x21, 0xFE, 0x0E, 0x0C, 0x13, 0xF8, 0x32, 0x08, 0x22, 0x08, 0x63, 0xF8, 0x22, 0x08, 0x00, 0x00 } },  /* 落 */
    { 0x884C, { 0x08, 0x00, 0x1C, 0x00, 0x30, 0xFC, 0x20, 0x00, 0x48, 0x00, 0x0C, 0x00, 0x11, 0xFE, 0x30, 0x10, 0x70, 0x10, 0x50, 0x10, 0x10, 0x10, 0x10, 0x10, 0x10, 0x10, 0x10, 0xF0, 0x10, 0x70, 0x00, 0x00 } },  /* 行 */
    { 0x8868, { 0x01, 0x00, 0x01, 0x00, 0x7F, 0xFC, 0x01, 0x00, 0x3F, 0xF8, 0x01, 0x00, 0x01, 0x00, 0x7F, 0xFC, 0x02, 0x88, 0x06, 0xDC, 0x1C, 0x70, 0x74, 0x20, 0x45, 0x98, 0x07, 0x0E, 0x0C, 0x00, 0x00, 0x00 } },  /* 表 */
    { 0x88AB, { 0x10, 0x20, 0x18, 0x20, 0x15, 0xFE, 0x7D, 0x24, 0x09, 0x24, 0x09, 0x20, 0x15, 0xFC, 0x37, 0x88, 0x79, 0x48, 0x55, 0x58, 0x15, 0x50, 0x12, 0x20, 0x12, 0x78, 0x16, 0xCE, 0x15, 0x84, 0x00, 0x00 } },  /* 被 */
    { 0x88C1, { 0x04, 0x40, 0x04, 0x48, 0x3F, 0xCC, 0x04, 0x40, 0x3F, 0xFC, 0x04, 0x40, 0x04, 0x48, 0x7F, 0xD8, 0x09, 0x30, 0x1F, 0xB0, 0x3B, 0x20, 0x69, 0xF4, 0x0E, 0x5C, 0x0C, 0x8C, 0x10, 0x00, 0x00, 0x00 } },  /* 裁 */
    { 0x897F, { 0x00, 0x00, 0x7F, 0xFE, 0x02, 0x40, 0x02, 0x40, 0x02, 0x40, 0x3F, 0xF8, 0x22, 0x48, 0x22, 0x48, 0x24, 0x48, 0x2C, 0x68, 0x20, 0x08, 0x20, 0x08, 0x3F, 0xF8, 0x20, 0x08, 0x00, 0x00, 0x00, 0x00 } },  /* 西 */
    { 0x8981, { 0x00, 0x00, 0x3F, 0xFE, 0x02, 0x40, 0x02, 0x40, 0x1F, 0xF8, 0x12, 0x48, 0x16, 0xD8, 0x09, 0x20, 0x01, 0x00, 0x7F, 0xFE, 0x04, 0x20, 0x0F, 0x60, 0x01, 0xE0, 0x3F, 0x1C, 0x30, 0x04, 0x00, 0x00 } },  /* 要 */
    { 0x89C1, { 0x00, 0x00, 0x1F, 0xF0, 0x10, 0x10, 0x11, 0x90, 0x11, 0x10, 0x11, 0x10, 0x11, 0x10, 0x11, 0x10, 0x11, 0x50, 0x03, 0x40, 0x06, 0x44, 0x0C, 0x43, 0x78, 0x46, 0x20, 0x7E, 0x00, 0x00, 0x00, 0x00 } },  /* 见 */
    { 0x89C8, { 0x00, 0x60, 0x24, 0xC0, 0x24, 0xFC, 0x24, 0x80, 0x25, 0x30, 0x24, 0x18, 0x04, 0x00, 0x1F, 0xF0, 0x12, 0x10, 0x11, 0x10, 0x13, 0x90, 0x12, 0x88, 0x0E, 0x86, 0x78, 0xFC, 0x20, 0x00, 0x00, 0x00 } },  /* 览 */
    { 0x89C9, { 0x01, 0x10, 0x11, 0x18, 0x19, 0xA0, 0x7F, 0xFC, 0x40, 0x04, 0x40, 0x00, 0x5F, 0xF0, 0x08, 0x10, 0x0B, 0x10, 0x0B, 0x10, 0x0A, 0x90, 0x02, 0x84, 0x0E, 0x86, 0x7C, 0xFC, 0x60, 0x00, 0x00, 0x00 } },  /* 觉 */
    { 0x89E3, { 0x10, 0x00, 0x18, 0x7E, 0x3F, 0x32, 0x64, 0x32, 0xFF, 0x2E, 0x25, 0xC0, 0x25, 0x08, 0x3F, 0x68, 0x25, 0x7E, 0x25, 0x48, 0x3F, 0x88, 0x21, 0x7F, 0x61, 0x08, 0x43, 0x08, 0x42, 0x08, 0x00, 0x00 } },  /* 解 */
    { 0x89E6, { 0x00, 0x10, 0x18, 0x10, 0x3E, 0x10, 0x64, 0xFE, 0x3E, 0x92, 0x2A, 0x92, 0x2A, 0x92, 0x3E, 0x92, 0x2A, 0xFE, 0x2A, 0x92, 0x3E, 0x14, 0x22, 0x14, 0x22, 0x1E, 0x4A, 0xFE, 0x04, 0x82, 0x00, 0x00 } },  /* 触 */
    { 0x8A00, { 0x00, 0x00, 0x03, 0x00, 0x01, 0x80, 0x7F, 0xFC, 0x00, 0x00, 0x1F, 0xF0, 0x00, 0x00, 0x00, 0x00, 0x1F, 0xF0, 0x00, 0x00, 0x1F, 0xF0, 0x10, 0x10, 0x10, 0x10, 0x1F, 0xF0, 0x10, 0x10, 0x00, 0x00 } },  /* 言 */
    { 0x8BA1, { 0x10, 0x60, 0x30, 0x20, 0x18, 0x20, 0x10, 0x20, 0x00, 0x20, 0xF3, 0xFE, 0x10, 0x20, 0x10, 0x20, 0x10, 0x20, 0x18, 0x20, 0x14, 0x20, 0x1C, 0x20, 0x18, 0x20, 0x30, 0x20, 0x20, 0x20, 0x00, 0x00 } },  /* 计 */
    { 0x8BA4, { 0x10, 0x30, 0x38, 0x20, 0x18, 0x20, 0x0C, 0x20, 0x00, 0x20, 0xF0, 0x60, 0x10, 0x60, 0x10, 0x60, 0x10, 0x50, 0x14, 0x50, 0x16, 0xD8, 0x18, 0x88, 0x11, 0x8E, 0x33, 0x06, 0x06, 0x04, 0x00, 0x00 } },  /* 认 */
    { 0x8BA9, { 0x10, 0x40, 0x38, 0x40, 0x18, 0x40, 0x00, 0x40, 0x00, 0x40, 0x78, 0x7C, 0x08, 0x40, 0x08, 0x40, 0x08, 0x40, 0x0C, 0x40, 0x0E, 0x40, 0x0C, 0x40, 0x08, 0x40, 0x17, 0xFE, 0x00, 0x00, 0x00, 0x00 } },  /* 让 */
    { 0x8BB0, { 0x10, 0x00, 0x33, 0xFC, 0x1A, 0x04, 0x00, 0x04, 0x00, 0x04, 0xF0, 0x04, 0x11, 0xFC, 0x11, 0x04, 0x11, 0x00, 0x11, 0x00, 0x15, 0x00, 0x1D, 0x04, 0x19, 0x06, 0x31, 0xFE, 0x20, 0x00, 0x00, 0x00 } },  /* 记 */
    { 0x8BBE, { 0x00, 0x00, 0x11, 0xF0, 0x39, 0x10, 0x09, 0x10, 0x01, 0x10, 0x76, 0x1E, 0x10, 0x00, 0x13, 0xFC, 0x11, 0x18, 0x11, 0x90, 0x18, 0xB0, 0x1C, 0x60, 0x18, 0xF0, 0x37, 0x9E, 0x0E, 0x04, 0x00, 0x00 } },  /* 设 */
    { 0x8BC1, { 0x30, 0x00, 0x13, 0xFC, 0x18, 0x20, 0x00, 0x20, 0x00, 0x20, 0x71, 0x20, 0x11, 0x3C, 0x11, 0x20, 0x11, 0x20, 0x19, 0x20, 0x1D, 0x20, 0x19, 0x20, 0x11, 0x20, 0x37, 0xFE, 0x00, 0x00, 0x00, 0x00 } },  /* 证 */
    { 0x8BC6, { 0x10, 0x00, 0x31, 0xFC, 0x19, 0x04, 0x01, 0x04, 0x01, 0x04, 0x79, 0x04, 0x11, 0x04, 0x11, 0x04, 0x11, 0xFC, 0x10, 0x00, 0x14, 0x88, 0x1E, 0xDC, 0x19, 0x84, 0x33, 0x06, 0x06, 0x04, 0x00, 0x00 } },  /* 识 */
    { 0x8BD5, { 0x20, 0x6C, 0x30, 0x24, 0x18, 0x20, 0x07, 0xFC, 0x70, 0x20, 0x17, 0xA0, 0x11, 0x20, 0x11, 0x20, 0x11, 0x30, 0x15, 0x50, 0x1F, 0xD4, 0x14, 0x1A, 0x30, 0x0E, 0x00, 0x04, 0x00, 0x00, 0x00, 0x00 } },  /* 试 */
    { 0x8BDD, { 0x00, 0x18, 0x33, 0xFC, 0x1B, 0xC0, 0x10, 0x40, 0x00, 0x40, 0x77, 0xFC, 0x10, 0x40, 0x10, 0x40, 0x11, 0xFC, 0x11, 0x04, 0x15, 0x04, 0x1F, 0x04, 0x19, 0xFC, 0x11, 0x04, 0x11, 0x00, 0x00, 0x00 } },  /* 话 */
    { 0x8BED, { 0x00, 0x00, 0x27, 0xFC, 0x30, 0x40, 0x10, 0xC0, 0x03, 0xF8, 0x70, 0x88, 0x10, 0x8A, 0x17, 0xFE, 0x10, 0x00, 0x11, 0xF8, 0x15, 0x08, 0x1D, 0x08, 0x19, 0xF8, 0x11, 0x08, 0x21, 0x00, 0x00, 0x00 } },  /* 语 */
    { 0x8BEF, { 0x00, 0x00, 0x23, 0xFC, 0x32, 0x04, 0x1A, 0x04, 0x03, 0xFC, 0x70, 0x00, 0x13, 0xFC, 0x10, 0x60, 0x10, 0x60, 0x17, 0xFE, 0x18, 0x60, 0x18, 0xD0, 0x1D, 0x98, 0x37, 0x0E, 0x2C, 0x02, 0x00, 0x00 } },  /* 误 */
    { 0x8BF4, { 0x21, 0x08, 0x31, 0x8C, 0x18, 0x98, 0x10, 0x10, 0x03, 0xFC, 0x72, 0x04, 0x12, 0x04, 0x13, 0xFC, 0x10, 0x90, 0x10, 0x90, 0x14, 0x90, 0x1D, 0x94, 0x1B, 0x12, 0x36, 0x1E, 0x02, 0x00, 0x00, 0x00 } },  /* 说 */
    { 0x8BF7, { 0x20, 0x40, 0x30, 0x40, 0x17, 0xFC, 0x2B, 0xFC, 0x00, 0x40, 0x70, 0x40, 0x17, 0xFE, 0x11, 0xFC, 0x11, 0x04, 0x11, 0xFC, 0x15, 0x04, 0x1D, 0xFC, 0x19, 0x04, 0x31, 0x04, 0x01, 0x1C, 0x00, 0x00 } },  /* 请 */
    { 0x8BFB, { 0x10, 0x20, 0x30, 0x20, 0x19, 0xFC, 0x00, 0x20, 0x03, 0xFE, 0x71, 0x06, 0x11, 0x94, 0x10, 0xD0, 0x13, 0x10, 0x11, 0xB0, 0x1B, 0xFE, 0x1C, 0x30, 0x18, 0x7C, 0x33, 0xC6, 0x27, 0x00, 0x00, 0x00 } },  /* 读 */
    { 0x8C03, { 0x10, 0x00, 0x33, 0xFE, 0x1A, 0x22, 0x02, 0x22, 0x02, 0xFA, 0x72, 0x22, 0x12, 0xFA, 0x12, 0x02, 0x12, 0xF2, 0x16, 0x92, 0x1E, 0x92, 0x1A, 0xF2, 0x16, 0x02, 0x34, 0x1E, 0x0C, 0x0E, 0x00, 0x00 } },  /* 调 */
    { 0x8C10, { 0x02, 0x10, 0x32, 0x12, 0x1B, 0x9C, 0x12, 0x10, 0x02, 0x12, 0x73, 0x9F, 0x12, 0x00, 0x10, 0xC0, 0x13, 0xFC, 0x12, 0x04, 0x17, 0xFC, 0x1E, 0x04, 0x1B, 0xFC, 0x32, 0x04, 0x22, 0x00, 0x00, 0x00 } },  /* 谐 */
    { 0x8D25, { 0x00, 0x20, 0x7E, 0x20, 0x42, 0x60, 0x52, 0x7E, 0x4A, 0x48, 0x4A, 0xC8, 0x4A, 0xC8, 0x4B, 0xC8, 0x4A, 0x48, 0x58, 0x70, 0x18, 0x30, 0x16, 0x30, 0x33, 0x78, 0x61, 0xCE, 0xC3, 0x04, 0x00, 0x00 } },  /* 败 */
    { 0x8D44, { 0x01, 0x80, 0x21, 0x00, 0x3B, 0xFC, 0x16, 0xC8, 0x08, 0xE0, 0x39, 0x30, 0xE6, 0x1E, 0x9F, 0xF4, 0x10, 0x10, 0x11, 0x90, 0x11, 0x10, 0x11, 0x00, 0x03, 0xE0, 0x0E, 0x38, 0x38, 0x0C, 0x00, 0x00 } },  /* 资 */
    { 0x8D77, { 0x08, 0x00, 0x08, 0xFC, 0x7E, 0x44, 0x08, 0x44, 0x08, 0x44, 0x08, 0x7C, 0x7F, 0x44, 0x04, 0x40, 0x34, 0x44, 0x27, 0x46, 0x74, 0x7C, 0x5C, 0x00, 0x4E, 0x02, 0xC3, 0xFE, 0x00, 0x00, 0x00, 0x00 } },  /* 起 */
    { 0x8D85, { 0x08, 0x00, 0x08, 0xFC, 0x3E, 0x24, 0x08, 0x24, 0x08, 0x44, 0x7F, 0xDC, 0x04, 0x00, 0x04, 0xFC, 0x34, 0x84, 0x27, 0x84, 0x34, 0xFC, 0x5C, 0x84, 0x4E, 0x02, 0xC3, 0xFE, 0x00, 0x00, 0x00, 0x00 } },  /* 超 */
    { 0x8D8B, { 0x04, 0x20, 0x04, 0x40, 0x3F, 0x7C, 0x04, 0x88, 0x04, 0x90, 0x04, 0xFC, 0x3F, 0x04, 0x24, 0x7C, 0x17, 0x04, 0x14, 0x04, 0x1C, 0xFC, 0x2C, 0x04, 0x26, 0x04, 0x63, 0xFC, 0x00, 0x00, 0x00, 0x00 } },  /* 趋 */
    { 0x8DB3, { 0x00, 0x00, 0x0F, 0xF8, 0x08, 0x08, 0x08, 0x08, 0x08, 0x08, 0x0F, 0xF8, 0x00, 0x80, 0x08, 0x80, 0x0C, 0x80, 0x08, 0xFC, 0x18, 0x80, 0x34, 0x80, 0x27, 0xFE, 0x61, 0xFE, 0x00, 0x00, 0x00, 0x00 } },  /* 足 */
    { 0x8DDD, { 0x00, 0x00, 0x3F, 0xFC, 0x22, 0x80, 0x22, 0x80, 0x22, 0x80, 0x3E, 0xFC, 0x08, 0x84, 0x28, 0x84, 0x2E, 0x84, 0x28, 0xFC, 0x28, 0x80, 0x28, 0x80, 0x3E, 0x80, 0x61, 0xFE, 0x00, 0x00, 0x00, 0x00 } },  /* 距 */
    { 0x8DEF, { 0x00, 0x40, 0x3C, 0xC0, 0x24, 0xFC, 0x24, 0x88, 0x25, 0x58, 0x3D, 0x30, 0x08, 0x70, 0x09, 0xDE, 0x2F, 0x84, 0x28, 0xF8, 0x28, 0x88, 0x2A, 0x88, 0x7E, 0xF8, 0x70, 0x88, 0x40, 0x80, 0x00, 0x00 } },  /* 路 */
    { 0x8DF3, { 0x00, 0x00, 0x00, 0x58, 0x3C, 0x50, 0x25, 0x56, 0x25, 0x54, 0x25, 0x54, 0x3D, 0xDC, 0x08, 0x50, 0x28, 0xD0, 0x2F, 0xDC, 0x2A, 0x56, 0x28, 0x54, 0x3E, 0x94, 0x71, 0x16, 0x06, 0x1C, 0x00, 0x00 } },  /* 跳 */
    { 0x8EAB, { 0x03, 0x00, 0x02, 0x00, 0x0F, 0xF0, 0x08, 0x10, 0x0F, 0xF0, 0x08, 0x10, 0x0F, 0xF4, 0x08, 0x1E, 0x08, 0x18, 0x3F, 0xF0, 0x00, 0xD0, 0x03, 0x90, 0x0E, 0x10, 0x78, 0xB0, 0x20, 0x60, 0x00, 0x00 } },  /* 身 */
    { 0x8F6C, { 0x18, 0x20, 0x18, 0x20, 0x10, 0x60, 0x7F, 0xFC, 0x30, 0x40, 0x28, 0x40, 0x69, 0xFE, 0x7E, 0x40, 0x08, 0x40, 0x08, 0xFC, 0x7E, 0x08, 0x78, 0x58, 0x08, 0xF0, 0x08, 0x18, 0x08, 0x08, 0x00, 0x00 } },  /* 转 */
    { 0x8F6E, { 0x10, 0x30, 0x18, 0x60, 0x10, 0x50, 0x7E, 0xD8, 0x30, 0x8C, 0x29, 0x07, 0x6A, 0x44, 0x7E, 0x48, 0x08, 0x5C, 0x08, 0x70, 0x0F, 0x40, 0x7C, 0x44, 0x48, 0x46, 0x08, 0x7C, 0x08, 0x00, 0x00, 0x00 } },  /* 轮 */
    { 0x8F7B, { 0x18, 0x00, 0x10, 0xFC, 0x7E, 0x18, 0x30, 0x10, 0x20, 0x30, 0x28, 0x7C, 0x69, 0xC6, 0x7E, 0x82, 0x08, 0xFC, 0x0E, 0x20, 0x3E, 0x20, 0x78, 0x20, 0x08, 0x20, 0x09, 0xFC, 0x08, 0x00, 0x00, 0x00 } },  /* 轻 */
    { 0x8F7D, { 0x00, 0x40, 0x04, 0x28, 0x3F, 0xA4, 0x04, 0x20, 0x7F, 0xFE, 0x0C, 0x20, 0x3F, 0xAC, 0x10, 0x2C, 0x24, 0x28, 0x7F, 0x18, 0x04, 0x10, 0x1F, 0xBA, 0x74, 0x6E, 0x05, 0xC6, 0x00, 0x00, 0x00, 0x00 } },  /* 载 */
    { 0x8F93, { 0x30, 0x60, 0x20, 0xE0, 0x79, 0x90, 0x23, 0x18, 0x26, 0xF7, 0x5C, 0x02, 0x53, 0xE4, 0xFA, 0x54, 0x13, 0xD4, 0x12, 0x54, 0xFB, 0xD4, 0x72, 0x54, 0x92, 0x44, 0x12, 0x44, 0x10, 0xCC, 0x00, 0x00 } },  /* 输 */
    { 0x8FBE, { 0x00, 0x00, 0x30, 0x60, 0x30, 0x60, 0x18, 0x60, 0x00, 0x40, 0x07, 0xFE, 0x00, 0x60, 0x70, 0x60, 0x10, 0xF0, 0x10, 0x98, 0x11, 0x8C, 0x17, 0x06, 0x18, 0x00, 0x2F, 0x0E, 0x63, 0xFE, 0x00, 0x00 } },  /* 达 */
    { 0x8FC7, { 0x20, 0x10, 0x30, 0x10, 0x10, 0x10, 0x2F, 0xFE, 0x78, 0x10, 0x11, 0x10, 0x33, 0x10, 0x21, 0x90, 0x79, 0x10, 0x10, 0x10, 0x10, 0x70, 0x30, 0x40, 0x3F, 0xFE, 0x43, 0xFE, 0x00, 0x00, 0x00, 0x00 } },  /* 过 */
    { 0x8FD0, { 0x00, 0x00, 0x30, 0x00, 0x11, 0xFC, 0x10, 0x00, 0x00, 0x00, 0x00, 0x00, 0x07, 0xFE, 0x70, 0xD0, 0x10, 0x98, 0x11, 0x88, 0x11, 0xFC, 0x13, 0x84, 0x10, 0x00, 0x6F, 0xFE, 0x41, 0xFE, 0x00, 0x00 } },  /* 运 */
    { 0x8FD1, { 0x00, 0x00, 0x20, 0x0C, 0x31, 0xFC, 0x11, 0x02, 0x01, 0x00, 0x79, 0x00, 0x11, 0xFE, 0x31, 0x10, 0x61, 0x10, 0x7B, 0x10, 0x12, 0x10, 0x16, 0x10, 0x30, 0x10, 0x2F, 0xBE, 0x43, 0xFE, 0x00, 0x00 } },  /* 近 */
    { 0x8FD4, { 0x00, 0x00, 0x20, 0x18, 0x33, 0xFC, 0x12, 0x00, 0x0B, 0xF8, 0x72, 0x88, 0x12, 0xC8, 0x22, 0xD0, 0x7A, 0x70, 0x52, 0x60, 0x14, 0xF8, 0x17, 0x8C, 0x3C, 0x08, 0x6F, 0xFE, 0x43, 0xFE, 0x00, 0x00 } },  /* 返 */
    { 0x8FDB, { 0x00, 0x90, 0x20, 0x90, 0x30, 0x90, 0x13, 0xFE, 0x00, 0x90, 0x00, 0x90, 0x70, 0x90, 0x17, 0xFE, 0x11, 0x90, 0x11, 0x10, 0x11, 0x10, 0x13, 0x10, 0x3E, 0x10, 0x6F, 0xFE, 0x40, 0xFE, 0x00, 0x00 } },  /* 进 */
    { 0x8FDE, { 0x00, 0x40, 0x30, 0xE0, 0x17, 0xFE, 0x19, 0x80, 0x01, 0x20, 0x03, 0x20, 0x73, 0xFC, 0x10, 0x20, 0x10, 0x20, 0x17, 0xFE, 0x10, 0x20, 0x10, 0x20, 0x38, 0x00, 0x6F, 0xFE, 0x41, 0xFE, 0x00, 0x00 } },  /* 连 */
    { 0x8FF0, { 0x00, 0x68, 0x30, 0x4C, 0x10, 0x48, 0x07, 0xFC, 0x78, 0x40, 0x11, 0x48, 0x31, 0x48, 0x21, 0x48, 0x79, 0x48, 0x13, 0x4A, 0x16, 0x4E, 0x34, 0x40, 0x2F, 0xFE, 0x41, 0xFE, 0x00, 0x00, 0x00, 0x00 } },  /* 述 */
    { 0x9000, { 0x00, 0x00, 0x33, 0xF8, 0x12, 0x08, 0x0B, 0xF8, 0x7A, 0x08, 0x13, 0xF8, 0x32, 0x48, 0x22, 0x5C, 0x7A, 0x30, 0x12, 0xB0, 0x13, 0xDC, 0x36, 0x08, 0x2F, 0xFE, 0x41, 0xFE, 0x00, 0x00, 0x00, 0x00 } },  /* 退 */
    { 0x9002, { 0x00, 0x00, 0x00, 0x18, 0x37, 0xF8, 0x10, 0x44, 0x00, 0x40, 0x7F, 0xFC, 0x10, 0x40, 0x34, 0x48, 0x63, 0xF8, 0x3A, 0x08, 0x12, 0x08, 0x13, 0xF8, 0x3A, 0x08, 0x2F, 0xFE, 0x41, 0xFE, 0x00, 0x00 } },  /* 适 */
    { 0x9009, { 0x00, 0x60, 0x23, 0x20, 0x33, 0xFC, 0x22, 0x20, 0x06, 0x20, 0x78, 0x20, 0x17, 0xFE, 0x20, 0x90, 0x78, 0x90, 0x51, 0x12, 0x13, 0x1E, 0x36, 0x00, 0x3F, 0xFE, 0x67, 0xFE, 0x40, 0x00, 0x00, 0x00 } },  /* 选 */
    { 0x901A, { 0x00, 0x00, 0x23, 0xF8, 0x30, 0x90, 0x20, 0x60, 0x03, 0xFC, 0x7A, 0x44, 0x12, 0x44, 0x23, 0xFC, 0x7A, 0x44, 0x53, 0xFC, 0x12, 0x44, 0x12, 0x5C, 0x3C, 0x00, 0x67, 0xFE, 0x00, 0x00, 0x00, 0x00 } },  /* 通 */
    { 0x9020, { 0x02, 0x40, 0x21, 0xC0, 0x31, 0xF8, 0x22, 0x40, 0x00, 0x40, 0x7F, 0xFC, 0x10, 0x40, 0x21, 0xF8, 0x79, 0x08, 0x11, 0x08, 0x11, 0xF8, 0x31, 0x08, 0x2E, 0x00, 0x63, 0xFE, 0x00, 0x00, 0x00, 0x00 } },  /* 造 */
    { 0x9053, { 0x01, 0x08, 0x20, 0x98, 0x30, 0x10, 0x13, 0xFE, 0x00, 0x20, 0x79, 0xFC, 0x11, 0x04, 0x11, 0xFC, 0x21, 0x04, 0x79, 0xFC, 0x19, 0x04, 0x11, 0xFC, 0x31, 0x04, 0x6E, 0x02, 0x47, 0xFE, 0x00, 0x00 } },  /* 道 */
    { 0x90AE, { 0x08, 0x00, 0x08, 0x7E, 0x08, 0x64, 0x7F, 0x64, 0x49, 0x64, 0x49, 0x6C, 0x49, 0x64, 0x7F, 0x24, 0x49, 0x22, 0x49, 0x22, 0x49, 0x22, 0x7F, 0x2E, 0x41, 0x28, 0x40, 0x20, 0x00, 0x60, 0x00, 0x00 } },  /* 邮 */
    { 0x90BB, { 0x0C, 0x00, 0x0C, 0x7E, 0x1A, 0x46, 0x12, 0x44, 0x31, 0x44, 0x7F, 0xCC, 0x40, 0x48, 0x7F, 0x44, 0x03, 0x42, 0x06, 0x42, 0x34, 0x42, 0x1C, 0x5E, 0x0C, 0x4C, 0x06, 0x40, 0x00, 0x40, 0x00, 0x00 } },  /* 邻 */
    { 0x90E8, { 0x0C, 0x00, 0x04, 0x3E, 0x7F, 0xA4, 0x00, 0x24, 0x33, 0x2C, 0x12, 0x28, 0x7F, 0xA8, 0x00, 0x2C, 0x00, 0x24, 0x3F, 0x22, 0x21, 0x22, 0x21, 0x22, 0x3F, 0x3C, 0x21, 0x20, 0x00, 0x20, 0x00, 0x00 } },  /* 部 */
    { 0x914D, { 0x00, 0x00, 0x7F, 0x7C, 0x14, 0x84, 0x14, 0x04, 0x7F, 0x04, 0x55, 0x04, 0x55, 0x7C, 0x55, 0x44, 0x77, 0x40, 0x41, 0x40, 0x7F, 0x40, 0x41, 0x40, 0x7F, 0x42, 0x41, 0x7E, 0x40, 0x00, 0x00, 0x00 } },  /* 配 */
    { 0x9192, { 0x7F, 0xFC, 0x14, 0x84, 0x14, 0xFC, 0x3E, 0x84, 0x36, 0xFC, 0x36, 0x30, 0x36, 0xE0, 0x26, 0xF8, 0x22, 0xA0, 0x3F, 0xFC, 0x22, 0x20, 0x3E, 0x20, 0x23, 0xFC, 0x00, 0x00, 0x00, 0x00, 0x00, 0x00 } },  /* 醒 */
    { 0x91C7, { 0x00, 0x18, 0x01, 0xFC, 0x3E, 0x00, 0x11, 0x18, 0x19, 0x18, 0x08, 0x30, 0x01, 0x00, 0x01, 0x00, 0x7F, 0xFC, 0x07, 0xC0, 0x0D, 0x60, 0x19, 0x38, 0x31, 0x0E, 0xE1, 0x04, 0x01, 0x00, 0x00, 0x00 } },  /* 采 */
    { 0x91CA, { 0x02, 0x00, 0x7F, 0xFC, 0x0A, 0x88, 0x4B, 0x58, 0x2A, 0x70, 0x08, 0x78, 0x7F, 0xCE, 0x08, 0x20, 0x1D, 0xFC, 0x2A, 0x20, 0x28, 0x20, 0x49, 0xFE, 0x48, 0x20, 0x08, 0x20, 0x00, 0x20, 0x00, 0x00 } },  /* 释 */
    { 0x91CC, { 0x00, 0x00, 0x1F, 0xF8, 0x11, 0x08, 0x11, 0x08, 0x1F, 0xF8, 0x11, 0x08, 0x11, 0x08, 0x1F, 0xF8, 0x01, 0x00, 0x01, 0x00, 0x3F, 0xF8, 0x01, 0x00, 0x01, 0x00, 0x7F, 0xFE, 0x00, 0x00, 0x00, 0x00 } },  /* 里 */
    { 0x91CD, { 0x00, 0x00, 0x00, 0x70, 0x3F, 0xF0, 0x01, 0x08, 0x7F, 0xFE, 0x01, 0x00, 0x1F, 0xF8, 0x11, 0x08, 0x1F, 0xF8, 0x11, 0x08, 0x1F, 0xF8, 0x01, 0x00, 0x3F, 0xF8, 0x01, 0x00, 0x7F, 0xFC, 0x00, 0x00 } },  /* 重 */
    { 0x91CE, { 0x00, 0x00, 0x3F, 0x7E, 0x29, 0x0C, 0x29, 0x28, 0x3F, 0x70, 0x29, 0x18, 0x39, 0x7E, 0x0E, 0x14, 0x08, 0x14, 0x3F, 0x10, 0x08, 0x10, 0x08, 0x10, 0x1F, 0x10, 0x78, 0x70, 0x00, 0x70, 0x00, 0x00 } },  /* 野 */
    { 0x91CF, { 0x00, 0x00, 0x1F, 0xF8, 0x1F, 0xF8, 0x10, 0x08, 0x1F, 0xF8, 0x7F, 0xFE, 0x00, 0x00, 0x1F, 0xF8, 0x1F, 0xF8, 0x11, 0x08, 0x1F, 0xF8, 0x3F, 0xF8, 0x01, 0x00, 0x7F, 0xFC, 0x00, 0x00, 0x00, 0x00 } },  /* 量 */
    { 0x949F, { 0x18, 0x20, 0x30, 0x20, 0x3C, 0x20, 0x61, 0xFE, 0xC1, 0x22, 0xBD, 0x22, 0x11, 0x22, 0x11, 0x22, 0x7D, 0x22, 0x11, 0xFE, 0x11, 0x22, 0x14, 0x20, 0x1C, 0x20, 0x38, 0x20, 0x20, 0x20, 0x00, 0x00 } },  /* 钟 */
    { 0x94A5, { 0x08, 0x00, 0x1C, 0x7E, 0x1F, 0x42, 0x30, 0x42, 0x20, 0x42, 0x5E, 0x7E, 0x08, 0x42, 0x08, 0x42, 0x3F, 0x7E, 0x08, 0x42, 0x0A, 0x42, 0x0A, 0x42, 0x0C, 0x82, 0x19, 0x8E, 0x13, 0x04, 0x00, 0x00 } },  /* 钥 */
    { 0x94F6, { 0x08, 0x00, 0x18, 0xFC, 0x10, 0x84, 0x3E, 0x84, 0x60, 0xFC, 0x5E, 0x84, 0x08, 0xFC, 0x08, 0xA4, 0x3E, 0xA4, 0x08, 0x98, 0x08, 0x90, 0x0A, 0x88, 0x0E, 0xEE, 0x1C, 0xC6, 0x11, 0x80, 0x00, 0x00 } },  /* 银 */
    { 0x94FE, { 0x18, 0x10, 0x12, 0x20, 0x3D, 0x7E, 0x61, 0x20, 0xC0, 0x50, 0x3C, 0x50, 0x13, 0xFC, 0x11, 0x10, 0x7D, 0x10, 0x11, 0xFE, 0x15, 0x10, 0x15, 0x10, 0x1B, 0x90, 0x32, 0x7E, 0x20, 0x00, 0x00, 0x00 } },  /* 链 */
    { 0x9519, { 0x10, 0x48, 0x18, 0x48, 0x30, 0x48, 0x7D, 0xFE, 0xC0, 0x48, 0xBC, 0x48, 0x11, 0xFF, 0x10, 0x00, 0x7E, 0xFC, 0x10, 0x84, 0x12, 0xFC, 0x16, 0x84, 0x1C, 0x84, 0x18, 0xFC, 0x30, 0x84, 0x00, 0x00 } },  /* 错 */
    { 0x952E, { 0x18, 0x20, 0x13, 0x7C, 0x19, 0x24, 0x21, 0x24, 0x42, 0xFE, 0x3A, 0x24, 0x13, 0x7C, 0x11, 0x20, 0x39, 0xFC, 0x12, 0x20, 0x1A, 0xFC, 0x19, 0x20, 0x12, 0xFE, 0x1C, 0x7E, 0x00, 0x00, 0x00, 0x00 } },  /* 键 */
    { 0x957F, { 0x08, 0x10, 0x08, 0x18, 0x08, 0x30, 0x08, 0x60, 0x09, 0xC0, 0x08, 0x00, 0x7F, 0xFC, 0x08, 0x80, 0x08, 0x80, 0x08, 0xC0, 0x08, 0x60, 0x0A, 0x30, 0x0F, 0x1C, 0x1C, 0x08, 0x08, 0x00, 0x00, 0x00 } },  /* 长 */
    { 0x95ED, { 0x10, 0x00, 0x09, 0xFC, 0x0C, 0x04, 0x20, 0xC4, 0x20, 0x44, 0x2F, 0xF4, 0x20, 0xC4, 0x21, 0x44, 0x23, 0x44, 0x26, 0x44, 0x2C, 0x44, 0x28, 0x44, 0x20, 0x44, 0x21, 0xDC, 0x00, 0x1C, 0x00, 0x00 } },  /* 闭 */
    { 0x95EE, { 0x18, 0x00, 0x09, 0xFC, 0x0C, 0x04, 0x00, 0x04, 0x20, 0x04, 0x27, 0xE4, 0x24, 0x24, 0x24, 0x24, 0x24, 0x24, 0x24, 0x24, 0x27, 0xE4, 0x20, 0x04, 0x20, 0x04, 0x20, 0x1C, 0x00, 0x1C, 0x00, 0x00 } },  /* 问 */
    { 0x95F4, { 0x18, 0x00, 0x09, 0xFC, 0x0C, 0x04, 0x20, 0x04, 0x20, 0x04, 0x27, 0xE4, 0x24, 0x24, 0x24, 0x24, 0x27, 0xE4, 0x24, 0x24, 0x24, 0x24, 0x27, 0xE4, 0x20, 0x04, 0x20, 0x1C, 0x20, 0x0C, 0x00, 0x00 } },  /* 间 */
    { 0x95F9, { 0x18, 0x00, 0x09, 0xFC, 0x0C, 0x04, 0x01, 0x04, 0x21, 0x84, 0x2F, 0xE4, 0x21, 0x04, 0x27, 0xE4, 0x25, 0x24, 0x25, 0x24, 0x25, 0x24, 0x25, 0xA4, 0x21, 0x64, 0x21, 0x2C, 0x00, 0x1C, 0x00, 0x00 } },  /* 闹 */
    { 0x95FB, { 0x10, 0x00, 0x0B, 0xFC, 0x0C, 0x04, 0x20, 0x04, 0x2F, 0xF4, 0x24, 0x24, 0x27, 0xE4, 0x24, 0x24, 0x27, 0xE4, 0x24, 0x24, 0x27, 0xEC, 0x2F, 0xF4, 0x20, 0x24, 0x20, 0x2C, 0x00, 0x0C, 0x00, 0x00 } },  /* 闻 */
    { 0x961F, { 0x00, 0x60, 0x7C, 0x60, 0x4C, 0x60, 0x48, 0x60, 0x48, 0x60, 0x58, 0x60, 0x48, 0x60, 0x4C, 0x60, 0x44, 0x60, 0x44, 0xF0, 0x4C, 0x90, 0x59, 0x98, 0x43, 0x0C, 0x46, 0x06, 0x44, 0x00, 0x00, 0x00 } },  /* 队 */
    { 0x9634, { 0x00, 0x00, 0x3E, 0xFC, 0x24, 0x84, 0x24, 0x84, 0x24, 0x84, 0x2C, 0xFC, 0x2C, 0x84, 0x24, 0x84, 0x22, 0xFC, 0x22, 0x84, 0x26, 0x84, 0x2D, 0x84, 0x21, 0x04, 0x23, 0x1C, 0x06, 0x1C, 0x00, 0x00 } },  /* 阴 */
    { 0x9635, { 0x00, 0x60, 0x3E, 0x40, 0x27, 0xFE, 0x24, 0x80, 0x29, 0x80, 0x29, 0x20, 0x33, 0x20, 0x2B, 0xFC, 0x24, 0x20, 0x24, 0x20, 0x3F, 0xFC, 0x28, 0x20, 0x20, 0x20, 0x20, 0x20, 0x00, 0x20, 0x00, 0x00 } },  /* 阵 */
    { 0x964D, { 0x00, 0xC0, 0x7C, 0x80, 0x48, 0xFC, 0x49, 0x88, 0x52, 0x50, 0x50, 0x70, 0x53, 0x9E, 0x56, 0x20, 0x4B, 0xFC, 0x48, 0x20, 0x5B, 0x20, 0x53, 0xFC, 0x42, 0x20, 0x40, 0x20, 0x40, 0x20, 0x00, 0x00 } },  /* 降 */
    { 0x9650, { 0x00, 0x00, 0x7D, 0xF8, 0x49, 0x08, 0x49, 0x08, 0x59, 0xF8, 0x51, 0x08, 0x51, 0xF8, 0x49, 0x40, 0x45, 0x48, 0x45, 0x5C, 0x4D, 0x20, 0x79, 0x30, 0x41, 0x98, 0x41, 0xCE, 0x03, 0x04, 0x00, 0x00 } },  /* 限 */
    { 0x9664, { 0x00, 0x70, 0x7C, 0x60, 0x4C, 0xD0, 0x48, 0x98, 0x49, 0x8E, 0x4B, 0xFB, 0x4E, 0x20, 0x48, 0x20, 0x45, 0xFC, 0x44, 0x20, 0x5D, 0xB8, 0x59, 0x2C, 0x43, 0x24, 0x46, 0xE6, 0x40, 0x60, 0x00, 0x00 } },  /* 除 */
    { 0x9694, { 0x3F, 0xFE, 0x24, 0x00, 0x29, 0xF8, 0x29, 0x08, 0x29, 0xF8, 0x2A, 0x08, 0x2B, 0xFC, 0x26, 0xD4, 0x27, 0x9C, 0x3A, 0x04, 0x22, 0xFC, 0x22, 0x24, 0x22, 0x2C, 0x20, 0x0C, 0x00, 0x00, 0x00, 0x00 } },  /* 隔 */
    { 0x969C, { 0x00, 0xE0, 0x78, 0x20, 0x4B, 0xFE, 0x48, 0x90, 0x57, 0xFC, 0x50, 0x00, 0x53, 0xF8, 0x51, 0x08, 0x49, 0xF8, 0x49, 0x08, 0x79, 0xF8, 0x52, 0x20, 0x43, 0xFE, 0x40, 0x20, 0x40, 0x20, 0x00, 0x00 } },  /* 障 */
    { 0x96E8, { 0x00, 0x00, 0x3F, 0xFE, 0x00, 0x80, 0x00, 0x80, 0x3F, 0xFC, 0x20, 0x84, 0x24, 0xA4, 0x2E, 0xF4, 0x24, 0xA4, 0x28, 0xA4, 0x2C, 0xE4, 0x26, 0xB4, 0x20, 0x84, 0x20, 0x1C, 0x00, 0x18, 0x00, 0x00 } },  /* 雨 */
    { 0x96EA, { 0x00, 0x00, 0x3F, 0xF8, 0x01, 0x00, 0x7F, 0xFC, 0x41, 0x04, 0x4D, 0x74, 0x01, 0x00, 0x1D, 0xF8, 0x00, 0x00, 0x1F, 0xF8, 0x00, 0x08, 0x3F, 0xFE, 0x00, 0x08, 0x3F, 0xF8, 0x00, 0x08, 0x00, 0x00 } },  /* 雪 */
    { 0x96F7, { 0x00, 0x00, 0x1F, 0xF0, 0x01, 0x00, 0x7F, 0xFE, 0x41, 0x02, 0x5D, 0x72, 0x1D, 0x70, 0x00, 0x00, 0x1F, 0xF0, 0x21, 0x10, 0x21, 0x10, 0x1F, 0xF0, 0x21, 0x10, 0x1F, 0xF0, 0x20, 0x10, 0x00, 0x00 } },  /* 雷 */
    { 0x96F9, { 0x00, 0x00, 0x1F, 0xFC, 0x3F, 0xFE, 0x20, 0x82, 0x2E, 0xF2, 0x00, 0x80, 0x1E, 0x70, 0x3F, 0xFC, 0x60, 0x0C, 0xCF, 0xCC, 0x08, 0x4C, 0x0F, 0xF0, 0x08, 0x02, 0x0F, 0xFC, 0x00, 0x00, 0x00, 0x00 } },  /* 雹 */
    { 0x96FE, { 0x00, 0x00, 0x3F, 0xFC, 0x01, 0x00, 0x7F, 0xFE, 0x41, 0x02, 0x5F, 0x7A, 0x04, 0x08, 0x1F, 0xF8, 0x34, 0x20, 0x03, 0xC0, 0x7C, 0x3E, 0x1F, 0xF8, 0x02, 0x08, 0x06, 0x18, 0x38, 0x70, 0x00, 0x00 } },  /* 雾 */
    { 0x9700, { 0x00, 0x00, 0x1F, 0xF8, 0x01, 0x00, 0x7F, 0xFC, 0x41, 0x04, 0x5D, 0x74, 0x1D, 0x70, 0x00, 0x00, 0x7F, 0xFC, 0x03, 0x00, 0x3F, 0xF8, 0x24, 0x88, 0x24, 0x88, 0x24, 0xB8, 0x20, 0x10, 0x00, 0x00 } },  /* 需 */
    { 0x971C, { 0x00, 0x00, 0x1F, 0xFC, 0x3F, 0xFE, 0x20, 0x82, 0x2E, 0xBA, 0x00, 0x80, 0x1E, 0xB8, 0x08, 0xFC, 0x3E, 0x84, 0x08, 0xFC, 0x1C, 0x84, 0x1A, 0xFC, 0x28, 0x84, 0x68, 0xFC, 0x08, 0x84, 0x00, 0x00 } },  /* 霜 */
    { 0x973E, { 0x00, 0x00, 0x1F, 0xFC, 0x3F, 0xFC, 0x20, 0x84, 0x2E, 0xFC, 0x1E, 0xF8, 0x00, 0x00, 0x1C, 0xFC, 0x66, 0xA4, 0x1C, 0xFC, 0x64, 0xFC, 0x1E, 0x20, 0x6A, 0xFC, 0x37, 0xFC, 0x0C, 0x00, 0x00, 0x00 } },  /* 霾 */
    { 0x9759, { 0x10, 0x40, 0x08, 0xC0, 0x7F, 0xF8, 0x09, 0x90, 0x7F, 0xFC, 0x7E, 0x24, 0x00, 0x24, 0x3F, 0xFE, 0x22, 0x24, 0x3E, 0xE4, 0x22, 0x3C, 0x3E, 0x20, 0x22, 0x20, 0x2A, 0x20, 0x06, 0xE0, 0x00, 0x00 } },  /* 静 */
    { 0x975E, { 0x02, 0x40, 0x02, 0x40, 0x02, 0x40, 0x3E, 0x7C, 0x02, 0x40, 0x02, 0x40, 0x3E, 0x7C, 0x02, 0x40, 0x02, 0x40, 0x06, 0x40, 0x7E, 0x7E, 0x42, 0x40, 0x06, 0x40, 0x04, 0x40, 0x0C, 0x00, 0x00, 0x00 } },  /* 非 */
    { 0x9762, { 0x00, 0x00, 0x7F, 0xFE, 0x01, 0x80, 0x01, 0x00, 0x3F, 0xFC, 0x22, 0x44, 0x22, 0x44, 0x23, 0xC4, 0x22, 0x44, 0x22, 0x44, 0x23, 0xC4, 0x22, 0x44, 0x3F, 0xFC, 0x20, 0x04, 0x20, 0x00, 0x00, 0x00 } },  /* 面 */
    { 0x97F3, { 0x01, 0x80, 0x01, 0x80, 0x3F, 0xFC, 0x08, 0x60, 0x0C, 0x40, 0x7F, 0xFE, 0x00, 0x00, 0x00, 0x00, 0x1F, 0xF0, 0x10, 0x10, 0x1F, 0xF0, 0x10, 0x10, 0x10, 0x10, 0x1F, 0xF0, 0x10, 0x10, 0x00, 0x00 } },  /* 音 */
    { 0x9875, { 0x00, 0x00, 0x3F, 0xFE, 0x00, 0x80, 0x00, 0x80, 0x0F, 0xF8, 0x08, 0x08, 0x09, 0x08, 0x08, 0x88, 0x08, 0x88, 0x08, 0x88, 0x08, 0x88, 0x01, 0x60, 0x07, 0x30, 0x3C, 0x1C, 0x00, 0x04, 0x00, 0x00 } },  /* 页 */
    { 0x9876, { 0x00, 0x00, 0x7F, 0xFC, 0x08, 0x20, 0x08, 0x20, 0x09, 0xFC, 0x09, 0x04, 0x09, 0x04, 0x09, 0x34, 0x09, 0x24, 0x09, 0x24, 0x09, 0x24, 0x08, 0x70, 0x08, 0x58, 0x39, 0x86, 0x13, 0x04, 0x00, 0x00 } },  /* 顶 */
    { 0x9879, { 0x00, 0x00, 0x01, 0xFE, 0x7C, 0x20, 0x10, 0x20, 0x11, 0xFC, 0x11, 0x04, 0x11, 0x24, 0x11, 0x24, 0x11, 0x24, 0x1D, 0x24, 0x79, 0x24, 0x40, 0x50, 0x00, 0xCC, 0x03, 0x86, 0x06, 0x04, 0x00, 0x00 } },  /* 项 */
    { 0x987B, { 0x08, 0x00, 0x1D, 0xFE, 0x30, 0x20, 0x60, 0x20, 0x49, 0xFC, 0x0D, 0x04, 0x19, 0x44, 0x31, 0x24, 0x69, 0x24, 0x0D, 0x24, 0x09, 0x24, 0x10, 0x30, 0x20, 0x58, 0x61, 0x86, 0x03, 0x02, 0x00, 0x00 } },  /* 须 */
    { 0x9884, { 0x00, 0x00, 0x7E, 0xFE, 0x0C, 0x20, 0x28, 0x20, 0x30, 0xFC, 0x10, 0x84, 0x7E, 0xC4, 0x14, 0xA4, 0x14, 0xA4, 0x10, 0xA4, 0x10, 0xA4, 0x10, 0x30, 0x10, 0x58, 0x33, 0x86, 0x27, 0x04, 0x00, 0x00 } },  /* 预 */
    { 0x9891, { 0x10, 0x00, 0x09, 0xFC, 0x28, 0x20, 0x2E, 0x20, 0x28, 0xFC, 0x28, 0x84, 0x7E, 0x84, 0x08, 0x94, 0x3B, 0x94, 0x2A, 0x94, 0x6C, 0x94, 0x0C, 0x28, 0x18, 0x6C, 0x71, 0xC6, 0x43, 0x00, 0x00, 0x00 } },  /* 频 */
    { 0x9898, { 0x00, 0x00, 0x3E, 0x7E, 0x22, 0x10, 0x3E, 0x10, 0x22, 0x7C, 0x3E, 0x54, 0x00, 0x54, 0x3F, 0x54, 0x04, 0x54, 0x34, 0x64, 0x37, 0x6C, 0x5C, 0xC6, 0x4E, 0x03, 0xC3, 0xFE, 0x00, 0x00, 0x00, 0x00 } },  /* 题 */
    { 0x98CE, { 0x00, 0x00, 0x3F, 0xF8, 0x20, 0x08, 0x20, 0x88, 0x28, 0x68, 0x24, 0xC8, 0x22, 0x88, 0x21, 0x88, 0x21, 0x88, 0x23, 0xC8, 0x26, 0x48, 0x6C, 0x6A, 0x48, 0x0E, 0xC0, 0x06, 0x40, 0x02, 0x00, 0x00 } },  /* 风 */
    { 0x9A8C, { 0x00, 0x60, 0x7C, 0x60, 0x04, 0xD0, 0x04, 0x88, 0x25, 0x0E, 0x2F, 0xFA, 0x28, 0x00, 0x2D, 0x08, 0x7D, 0x6C, 0x05, 0xA8, 0x74, 0xA8, 0x04, 0xB8, 0x04, 0x10, 0x39, 0xFC, 0x00, 0x00, 0x00, 0x00 } },  /* 验 */
    { 0x9E1F, { 0x01, 0x80, 0x01, 0x00, 0x0F, 0xF0, 0x08, 0x10, 0x0B, 0x10, 0x09, 0x90, 0x08, 0x70, 0x08, 0x00, 0x0F, 0xFC, 0x00, 0x04, 0x00, 0x04, 0x7F, 0xF4, 0x00, 0x04, 0x00, 0x3C, 0x00, 0x18, 0x00, 0x00 } },  /* 鸟 */
    { 0x9EC4, { 0x04, 0x60, 0x04, 0x20, 0x3F, 0xFC, 0x04, 0x20, 0x7F, 0xFE, 0x01, 0x00, 0x1F, 0xF8, 0x11, 0x08, 0x1F, 0xF8, 0x11, 0x08, 0x11, 0x08, 0x1F, 0xF8, 0x04, 0x20, 0x1E, 0x7C, 0x70, 0x06, 0x00, 0x00 } },  /* 黄 */
    { 0x9ED8, { 0x00, 0x00, 0x7F, 0x2C, 0x49, 0x2C, 0x5B, 0x24, 0x5D, 0x20, 0x49, 0xFC, 0x7F, 0x20, 0x7F, 0x20, 0x08, 0x30, 0xFF, 0x50, 0x00, 0x58, 0x55, 0xC8, 0x55, 0x86, 0xC1, 0x04, 0x00, 0x00, 0x00, 0x00 } },  /* 默 */
    { 0x9F99, { 0x00, 0x00, 0x03, 0x20, 0x02, 0x30, 0x02, 0x18, 0x02, 0x00, 0x7F, 0xFE, 0x06, 0x80, 0x06, 0x88, 0x04, 0x98, 0x04, 0xB0, 0x0C, 0xE0, 0x18, 0xC8, 0x39, 0x86, 0x77, 0xCC, 0x64, 0xFC, 0x00, 0x00 } },  /* 龙 */
    { 0xFF01, { 0x00, 0x00, 0x00, 0x00, 0x01, 0x80, 0x01, 0x80, 0x01, 0x80, 0x01, 0x80, 0x01, 0x80, 0x01, 0x80, 0x01, 0x80, 0x01, 0x80, 0x01, 0x80, 0x01, 0x80, 0x01, 0x80, 0x00, 0x00, 0x00, 0x00, 0x00, 0x00 } },  /* ！ */
    { 0xFF08, { 0x00, 0x04, 0x00, 0x08, 0x00, 0x08, 0x00, 0x18, 0x00, 0x10, 0x00, 0x10, 0x00, 0x30, 0x00, 0x30, 0x00, 0x30, 0x00, 0x10, 0x00, 0x10, 0x00, 0x18, 0x00, 0x08, 0x00, 0x08, 0x00, 0x04, 0x00, 0x00 } },  /* （ */
    { 0xFF09, { 0x20, 0x00, 0x10, 0x00, 0x10, 0x00, 0x18, 0x00, 0x08, 0x00, 0x08, 0x00, 0x0C, 0x00, 0x0C, 0x00, 0x0C, 0x00, 0x08, 0x00, 0x08, 0x00, 0x18, 0x00, 0x10, 0x00, 0x10, 0x00, 0x20, 0x00, 0x00, 0x00 } },  /* ） */
    { 0xFF0C, { 0x00, 0x00, 0x00, 0x00, 0x00, 0x00, 0x00, 0x00, 0x01, 0x80, 0x01, 0x80, 0x00, 0x80, 0x01, 0x00, 0x00, 0x00, 0x00, 0x00, 0x00, 0x00, 0x00, 0x00, 0x00, 0x00, 0x00, 0x00, 0x00, 0x00, 0x00, 0x00 } },  /* ， */
    { 0xFF1A, { 0x00, 0x00, 0x00, 0x00, 0x00, 0x00, 0x01, 0x80, 0x01, 0x80, 0x00, 0x00, 0x00, 0x00, 0x00, 0x00, 0x00, 0x00, 0x01, 0x80, 0x01, 0x80, 0x00, 0x00, 0x00, 0x00, 0x00, 0x00, 0x00, 0x00, 0x00, 0x00 } },  /* ： */
    { 0xFF1B, { 0x00, 0x00, 0x00, 0x00, 0x00, 0x00, 0x01, 0x80, 0x01, 0x80, 0x00, 0x00, 0x00, 0x00, 0x00, 0x00, 0x00, 0x00, 0x01, 0x80, 0x01, 0x80, 0x00, 0x80, 0x01, 0x00, 0x00, 0x00, 0x00, 0x00, 0x00, 0x00 } },  /* ； */
    { 0xFF1F, { 0x00, 0x00, 0x00, 0x00, 0x03, 0xE0, 0x0C, 0x70, 0x08, 0x30, 0x08, 0x30, 0x00, 0x60, 0x00, 0xC0, 0x01, 0xC0, 0x01, 0x80, 0x00, 0x00, 0x01, 0x80, 0x01, 0x80, 0x00, 0x00, 0x00, 0x00, 0x00, 0x00 } },  /* ？ */
};
